price_date,region_code,P91,P95,P98,DSL
2024-01-05,AUK,2.699,2.87,3.067,2.124
2024-01-05,BOP,2.659,2.812,3.002,2.081
2024-01-05,CAN,2.654,2.823,3.002,2.07
2024-01-05,GIS,2.768,2.918,3.1,2.197
2024-01-05,HKB,2.665,2.833,3.029,2.11
2024-01-05,MBH,2.718,2.873,3.083,2.12
2024-01-05,MWT,2.638,2.817,3.005,2.078
2024-01-05,NSN,2.693,2.872,3.058,2.116
2024-01-05,NTL,2.714,2.867,3.071,2.103
2024-01-05,OTA,2.655,2.811,2.995,2.063
2024-01-05,STL,2.7,2.865,3.027,2.121
2024-01-05,TAS,2.712,2.865,3.05,2.122
2024-01-05,TKI,2.695,2.844,3.021,2.094
2024-01-05,WGN,2.619,2.804,2.962,2.065
2024-01-05,WKO,2.661,2.825,2.971,2.04
2024-01-05,WTC,2.79,2.95,3.117,2.198
2024-01-12,AUK,2.719,2.888,3.049,2.131
2024-01-12,BOP,2.644,2.834,2.985,2.048
2024-01-12,CAN,2.622,2.797,2.989,2.058
2024-01-12,GIS,2.747,2.949,3.09,2.159
2024-01-12,HKB,2.673,2.837,3.005,2.101
2024-01-12,MBH,2.712,2.91,3.033,2.12
2024-01-12,MWT,2.628,2.804,2.967,2.05
2024-01-12,NSN,2.686,2.879,3.059,2.095
2024-01-12,NTL,2.702,2.86,3.074,2.13
2024-01-12,OTA,2.67,2.807,3.011,2.094
2024-01-12,STL,2.709,2.838,3.041,2.116
2024-01-12,TAS,2.718,2.877,3.056,2.109
2024-01-12,TKI,2.68,2.84,3.025,2.099
2024-01-12,WGN,2.654,2.785,2.957,2.045
2024-01-12,WKO,2.626,2.815,2.97,2.045
2024-01-12,WTC,2.774,2.94,3.124,2.196
2024-01-19,AUK,2.689,2.866,3.04,2.119
2024-01-19,BOP,2.651,2.834,2.99,2.084
2024-01-19,CAN,2.634,2.79,2.964,2.064
2024-01-19,GIS,2.743,2.907,3.083,2.154
2024-01-19,HKB,2.663,2.847,3.016,2.091
2024-01-19,MBH,2.702,2.882,3.054,2.124
2024-01-19,MWT,2.649,2.79,2.981,2.057
2024-01-19,NSN,2.69,2.867,3.02,2.114
2024-01-19,NTL,2.714,2.869,3.064,2.122
2024-01-19,OTA,2.64,2.817,2.996,2.074
2024-01-19,STL,2.685,2.846,3.009,2.084
2024-01-19,TAS,2.704,2.877,3.037,2.115
2024-01-19,TKI,2.67,2.839,3.0,2.081
2024-01-19,WGN,2.619,2.794,2.968,2.038
2024-01-19,WKO,2.625,2.813,2.952,2.05
2024-01-19,WTC,2.784,2.924,3.113,2.195
2024-01-26,AUK,2.716,2.888,3.037,2.125
2024-01-26,BOP,2.661,2.851,3.015,2.09
2024-01-26,CAN,2.645,2.813,3.001,2.058
2024-01-26,GIS,2.772,2.927,3.106,2.211
2024-01-26,HKB,2.706,2.876,3.042,2.118
2024-01-26,MBH,2.725,2.893,3.056,2.142
2024-01-26,MWT,2.657,2.841,3.035,2.086
2024-01-26,NSN,2.701,2.889,3.04,2.091
2024-01-26,NTL,2.708,2.908,3.051,2.141
2024-01-26,OTA,2.666,2.843,3.024,2.07
2024-01-26,STL,2.71,2.883,3.028,2.109
2024-01-26,TAS,2.71,2.903,3.041,2.131
2024-01-26,TKI,2.679,2.857,3.016,2.097
2024-01-26,WGN,2.637,2.808,2.966,2.055
2024-01-26,WKO,2.658,2.826,2.975,2.039
2024-01-26,WTC,2.785,2.954,3.132,2.176
2024-02-02,AUK,2.767,2.935,3.098,2.148
2024-02-02,BOP,2.714,2.89,3.09,2.096
2024-02-02,CAN,2.705,2.864,3.045,2.079
2024-02-02,GIS,2.802,2.977,3.141,2.214
2024-02-02,HKB,2.752,2.931,3.099,2.134
2024-02-02,MBH,2.782,2.954,3.116,2.162
2024-02-02,MWT,2.725,2.875,3.061,2.08
2024-02-02,NSN,2.774,2.925,3.096,2.152
2024-02-02,NTL,2.776,2.938,3.09,2.158
2024-02-02,OTA,2.715,2.889,3.049,2.116
2024-02-02,STL,2.748,2.908,3.095,2.149
2024-02-02,TAS,2.776,2.946,3.109,2.166
2024-02-02,TKI,2.709,2.917,3.087,2.133
2024-02-02,WGN,2.679,2.866,3.029,2.072
2024-02-02,WKO,2.714,2.875,3.046,2.088
2024-02-02,WTC,2.847,3.027,3.178,2.211
2024-02-09,AUK,2.814,2.98,3.149,2.186
2024-02-09,BOP,2.749,2.931,3.108,2.156
2024-02-09,CAN,2.747,2.936,3.079,2.128
2024-02-09,GIS,2.86,3.008,3.194,2.236
2024-02-09,HKB,2.781,2.96,3.137,2.175
2024-02-09,MBH,2.828,2.996,3.148,2.2
2024-02-09,MWT,2.735,2.912,3.095,2.115
2024-02-09,NSN,2.783,2.969,3.127,2.19
2024-02-09,NTL,2.806,2.98,3.137,2.176
2024-02-09,OTA,2.762,2.92,3.093,2.131
2024-02-09,STL,2.791,2.921,3.131,2.184
2024-02-09,TAS,2.817,2.966,3.138,2.175
2024-02-09,TKI,2.776,2.957,3.106,2.133
2024-02-09,WGN,2.73,2.907,3.078,2.099
2024-02-09,WKO,2.729,2.893,3.07,2.118
2024-02-09,WTC,2.875,3.066,3.219,2.24
2024-02-16,AUK,2.799,3.025,3.166,2.206
2024-02-16,BOP,2.774,2.963,3.137,2.146
2024-02-16,CAN,2.757,2.946,3.095,2.153
2024-02-16,GIS,2.877,3.048,3.237,2.238
2024-02-16,HKB,2.791,2.97,3.149,2.185
2024-02-16,MBH,2.854,3.017,3.168,2.218
2024-02-16,MWT,2.771,2.94,3.118,2.153
2024-02-16,NSN,2.821,2.986,3.146,2.185
2024-02-16,NTL,2.839,3.004,3.151,2.212
2024-02-16,OTA,2.784,2.936,3.118,2.148
2024-02-16,STL,2.797,2.979,3.13,2.189
2024-02-16,TAS,2.822,2.992,3.181,2.2
2024-02-16,TKI,2.79,2.966,3.125,2.183
2024-02-16,WGN,2.756,2.918,3.083,2.125
2024-02-16,WKO,2.762,2.938,3.12,2.128
2024-02-16,WTC,2.896,3.09,3.257,2.272
2024-02-23,AUK,2.852,3.01,3.202,2.23
2024-02-23,BOP,2.804,2.983,3.154,2.173
2024-02-23,CAN,2.78,2.947,3.119,2.164
2024-02-23,GIS,2.909,3.085,3.252,2.272
2024-02-23,HKB,2.812,2.997,3.154,2.211
2024-02-23,MBH,2.853,3.042,3.213,2.239
2024-02-23,MWT,2.772,2.956,3.129,2.168
2024-02-23,NSN,2.834,3.011,3.179,2.204
2024-02-23,NTL,2.824,3.006,3.199,2.226
2024-02-23,OTA,2.798,2.953,3.127,2.144
2024-02-23,STL,2.81,3.0,3.167,2.195
2024-02-23,TAS,2.835,3.018,3.174,2.24
2024-02-23,TKI,2.805,2.997,3.177,2.206
2024-02-23,WGN,2.775,2.945,3.119,2.159
2024-02-23,WKO,2.766,2.949,3.134,2.163
2024-02-23,WTC,2.905,3.089,3.278,2.283
2024-03-01,AUK,2.841,3.032,3.177,2.222
2024-03-01,BOP,2.795,2.975,3.156,2.186
2024-03-01,CAN,2.756,2.96,3.117,2.149
2024-03-01,GIS,2.882,3.074,3.249,2.27
2024-03-01,HKB,2.815,3.009,3.17,2.213
2024-03-01,MBH,2.845,3.036,3.193,2.238
2024-03-01,MWT,2.782,2.969,3.149,2.163
2024-03-01,NSN,2.832,3.01,3.187,2.218
2024-03-01,NTL,2.849,3.022,3.198,2.239
2024-03-01,OTA,2.792,2.971,3.137,2.165
2024-03-01,STL,2.84,3.005,3.175,2.195
2024-03-01,TAS,2.871,3.037,3.185,2.238
2024-03-01,TKI,2.814,2.98,3.166,2.174
2024-03-01,WGN,2.771,2.956,3.11,2.145
2024-03-01,WKO,2.78,2.929,3.124,2.164
2024-03-01,WTC,2.913,3.089,3.272,2.323
2024-03-08,AUK,2.866,3.019,3.204,2.227
2024-03-08,BOP,2.799,2.974,3.14,2.167
2024-03-08,CAN,2.791,2.966,3.134,2.15
2024-03-08,GIS,2.893,3.058,3.257,2.263
2024-03-08,HKB,2.835,3.01,3.215,2.214
2024-03-08,MBH,2.841,3.051,3.197,2.243
2024-03-08,MWT,2.784,2.985,3.147,2.161
2024-03-08,NSN,2.833,3.014,3.196,2.181
2024-03-08,NTL,2.833,3.037,3.208,2.228
2024-03-08,OTA,2.8,2.998,3.143,2.177
2024-03-08,STL,2.826,3.007,3.175,2.191
2024-03-08,TAS,2.865,3.04,3.206,2.214
2024-03-08,TKI,2.822,2.993,3.17,2.199
2024-03-08,WGN,2.756,2.941,3.126,2.139
2024-03-08,WKO,2.787,2.957,3.15,2.136
2024-03-08,WTC,2.937,3.091,3.277,2.305
2024-03-15,AUK,2.862,3.02,3.192,2.232
2024-03-15,BOP,2.81,2.961,3.142,2.176
2024-03-15,CAN,2.749,2.958,3.138,2.131
2024-03-15,GIS,2.899,3.071,3.216,2.26
2024-03-15,HKB,2.821,2.993,3.19,2.2
2024-03-15,MBH,2.85,3.026,3.2,2.222
2024-03-15,MWT,2.78,2.967,3.136,2.15
2024-03-15,NSN,2.853,3.002,3.178,2.2
2024-03-15,NTL,2.855,3.044,3.217,2.226
2024-03-15,OTA,2.796,2.973,3.139,2.176
2024-03-15,STL,2.81,3.006,3.182,2.206
2024-03-15,TAS,2.842,3.023,3.185,2.206
2024-03-15,TKI,2.795,2.981,3.165,2.177
2024-03-15,WGN,2.763,2.932,3.132,2.141
2024-03-15,WKO,2.766,2.961,3.125,2.147
2024-03-15,WTC,2.901,3.095,3.282,2.293
2024-03-22,AUK,2.864,3.015,3.194,2.227
2024-03-22,BOP,2.8,2.98,3.149,2.161
2024-03-22,CAN,2.781,2.936,3.135,2.143
2024-03-22,GIS,2.918,3.093,3.239,2.256
2024-03-22,HKB,2.853,2.997,3.172,2.189
2024-03-22,MBH,2.858,3.018,3.2,2.219
2024-03-22,MWT,2.793,2.954,3.125,2.153
2024-03-22,NSN,2.842,3.004,3.188,2.213
2024-03-22,NTL,2.843,3.017,3.177,2.227
2024-03-22,OTA,2.798,2.979,3.117,2.156
2024-03-22,STL,2.823,3.029,3.137,2.188
2024-03-22,TAS,2.854,3.014,3.196,2.206
2024-03-22,TKI,2.821,3.002,3.143,2.188
2024-03-22,WGN,2.79,2.935,3.108,2.109
2024-03-22,WKO,2.783,2.957,3.098,2.153
2024-03-22,WTC,2.913,3.098,3.27,2.278
2024-03-29,AUK,2.863,3.041,3.224,2.225
2024-03-29,BOP,2.817,2.996,3.186,2.182
2024-03-29,CAN,2.815,2.959,3.147,2.141
2024-03-29,GIS,2.936,3.112,3.26,2.265
2024-03-29,HKB,2.852,3.023,3.187,2.217
2024-03-29,MBH,2.895,3.058,3.234,2.245
2024-03-29,MWT,2.811,2.966,3.167,2.138
2024-03-29,NSN,2.87,3.033,3.22,2.224
2024-03-29,NTL,2.879,3.058,3.206,2.218
2024-03-29,OTA,2.81,2.992,3.154,2.179
2024-03-29,STL,2.849,3.045,3.186,2.198
2024-03-29,TAS,2.892,3.047,3.219,2.236
2024-03-29,TKI,2.849,3.003,3.175,2.189
2024-03-29,WGN,2.799,2.978,3.148,2.137
2024-03-29,WKO,2.795,2.961,3.131,2.151
2024-03-29,WTC,2.944,3.117,3.299,2.298
2024-04-05,AUK,2.887,3.062,3.227,2.234
2024-04-05,BOP,2.835,3.009,3.168,2.18
2024-04-05,CAN,2.837,2.978,3.172,2.13
2024-04-05,GIS,2.935,3.12,3.264,2.265
2024-04-05,HKB,2.85,3.028,3.206,2.198
2024-04-05,MBH,2.92,3.061,3.24,2.208
2024-04-05,MWT,2.802,2.986,3.145,2.154
2024-04-05,NSN,2.86,3.036,3.213,2.231
2024-04-05,NTL,2.886,3.081,3.215,2.207
2024-04-05,OTA,2.834,3.026,3.163,2.169
2024-04-05,STL,2.844,3.051,3.22,2.208
2024-04-05,TAS,2.877,3.07,3.211,2.235
2024-04-05,TKI,2.873,3.034,3.188,2.174
2024-04-05,WGN,2.795,3.0,3.144,2.147
2024-04-05,WKO,2.825,2.992,3.165,2.176
2024-04-05,WTC,2.968,3.123,3.313,2.276
2024-04-12,AUK,2.914,3.088,3.251,2.234
2024-04-12,BOP,2.854,3.034,3.201,2.179
2024-04-12,CAN,2.816,2.992,3.167,2.125
2024-04-12,GIS,2.966,3.136,3.311,2.277
2024-04-12,HKB,2.905,3.057,3.231,2.205
2024-04-12,MBH,2.918,3.087,3.268,2.226
2024-04-12,MWT,2.827,3.014,3.171,2.147
2024-04-12,NSN,2.883,3.049,3.222,2.19
2024-04-12,NTL,2.905,3.076,3.241,2.212
2024-04-12,OTA,2.841,3.028,3.205,2.178
2024-04-12,STL,2.9,3.05,3.235,2.193
2024-04-12,TAS,2.891,3.066,3.239,2.221
2024-04-12,TKI,2.88,3.042,3.218,2.184
2024-04-12,WGN,2.812,2.98,3.163,2.114
2024-04-12,WKO,2.847,3.045,3.171,2.122
2024-04-12,WTC,2.953,3.12,3.329,2.286
2024-04-19,AUK,2.907,3.07,3.242,2.223
2024-04-19,BOP,2.86,2.994,3.197,2.172
2024-04-19,CAN,2.835,2.995,3.177,2.164
2024-04-19,GIS,2.954,3.115,3.294,2.266
2024-04-19,HKB,2.889,3.042,3.215,2.201
2024-04-19,MBH,2.892,3.083,3.246,2.234
2024-04-19,MWT,2.825,3.023,3.193,2.158
2024-04-19,NSN,2.894,3.045,3.214,2.201
2024-04-19,NTL,2.898,3.077,3.251,2.226
2024-04-19,OTA,2.843,3.007,3.208,2.163
2024-04-19,STL,2.872,3.058,3.237,2.19
2024-04-19,TAS,2.922,3.07,3.234,2.237
2024-04-19,TKI,2.869,3.047,3.224,2.197
2024-04-19,WGN,2.841,2.991,3.151,2.136
2024-04-19,WKO,2.831,3.017,3.168,2.169
2024-04-19,WTC,2.961,3.14,3.323,2.298
2024-04-26,AUK,2.903,3.061,3.246,2.211
2024-04-26,BOP,2.841,3.024,3.208,2.2
2024-04-26,CAN,2.818,2.984,3.151,2.15
2024-04-26,GIS,2.965,3.092,3.285,2.276
2024-04-26,HKB,2.884,3.038,3.219,2.202
2024-04-26,MBH,2.889,3.074,3.241,2.238
2024-04-26,MWT,2.829,3.004,3.17,2.167
2024-04-26,NSN,2.869,3.045,3.225,2.209
2024-04-26,NTL,2.901,3.084,3.248,2.224
2024-04-26,OTA,2.844,3.027,3.197,2.152
2024-04-26,STL,2.883,3.057,3.206,2.199
2024-04-26,TAS,2.929,3.077,3.242,2.219
2024-04-26,TKI,2.855,3.038,3.207,2.183
2024-04-26,WGN,2.833,3.016,3.18,2.149
2024-04-26,WKO,2.796,3.005,3.161,2.144
2024-04-26,WTC,2.967,3.124,3.312,2.303
2024-05-03,AUK,2.907,3.056,3.23,2.2
2024-05-03,BOP,2.816,2.982,3.185,2.164
2024-05-03,CAN,2.812,2.981,3.146,2.154
2024-05-03,GIS,2.927,3.102,3.274,2.271
2024-05-03,HKB,2.867,3.046,3.208,2.173
2024-05-03,MBH,2.887,3.055,3.223,2.221
2024-05-03,MWT,2.813,3.006,3.195,2.151
2024-05-03,NSN,2.885,3.059,3.248,2.228
2024-05-03,NTL,2.898,3.037,3.244,2.23
2024-05-03,OTA,2.841,3.012,3.18,2.178
2024-05-03,STL,2.86,3.051,3.208,2.195
2024-05-03,TAS,2.888,3.047,3.227,2.211
2024-05-03,TKI,2.842,3.045,3.216,2.175
2024-05-03,WGN,2.816,3.013,3.153,2.123
2024-05-03,WKO,2.827,3.01,3.17,2.161
2024-05-03,WTC,2.961,3.139,3.293,2.288
2024-05-10,AUK,2.861,3.044,3.218,2.208
2024-05-10,BOP,2.825,2.994,3.166,2.145
2024-05-10,CAN,2.801,2.987,3.144,2.13
2024-05-10,GIS,2.937,3.088,3.276,2.242
2024-05-10,HKB,2.855,3.026,3.193,2.183
2024-05-10,MBH,2.872,3.029,3.219,2.182
2024-05-10,MWT,2.81,2.991,3.158,2.117
2024-05-10,NSN,2.854,3.031,3.204,2.189
2024-05-10,NTL,2.871,3.036,3.217,2.165
2024-05-10,OTA,2.794,3.007,3.14,2.14
2024-05-10,STL,2.864,3.014,3.195,2.173
2024-05-10,TAS,2.885,3.044,3.225,2.19
2024-05-10,TKI,2.829,3.023,3.2,2.187
2024-05-10,WGN,2.795,2.964,3.118,2.119
2024-05-10,WKO,2.798,2.965,3.153,2.136
2024-05-10,WTC,2.962,3.118,3.267,2.242
2024-05-17,AUK,2.845,3.007,3.177,2.157
2024-05-17,BOP,2.766,2.948,3.115,2.12
2024-05-17,CAN,2.77,2.958,3.106,2.102
2024-05-17,GIS,2.867,3.066,3.228,2.222
2024-05-17,HKB,2.801,2.975,3.156,2.12
2024-05-17,MBH,2.858,3.014,3.189,2.153
2024-05-17,MWT,2.768,2.949,3.103,2.11
2024-05-17,NSN,2.833,2.976,3.165,2.146
2024-05-17,NTL,2.845,3.008,3.186,2.174
2024-05-17,OTA,2.807,2.956,3.093,2.111
2024-05-17,STL,2.8,3.035,3.151,2.137
2024-05-17,TAS,2.829,3.017,3.179,2.163
2024-05-17,TKI,2.792,2.973,3.153,2.134
2024-05-17,WGN,2.764,2.912,3.094,2.052
2024-05-17,WKO,2.769,2.946,3.136,2.102
2024-05-17,WTC,2.897,3.071,3.25,2.241
2024-05-24,AUK,2.784,2.965,3.161,2.141
2024-05-24,BOP,2.764,2.909,3.112,2.069
2024-05-24,CAN,2.72,2.905,3.076,2.07
2024-05-24,GIS,2.86,3.027,3.189,2.177
2024-05-24,HKB,2.784,2.954,3.129,2.12
2024-05-24,MBH,2.824,2.997,3.179,2.15
2024-05-24,MWT,2.745,2.919,3.074,2.078
2024-05-24,NSN,2.796,2.974,3.134,2.118
2024-05-24,NTL,2.811,2.995,3.151,2.112
2024-05-24,OTA,2.774,2.931,3.112,2.076
2024-05-24,STL,2.783,2.968,3.143,2.109
2024-05-24,TAS,2.81,2.994,3.171,2.15
2024-05-24,TKI,2.756,2.944,3.11,2.125
2024-05-24,WGN,2.735,2.91,3.056,2.033
2024-05-24,WKO,2.74,2.911,3.074,2.06
2024-05-24,WTC,2.873,3.054,3.218,2.222
2024-05-31,AUK,2.802,2.989,3.115,2.135
2024-05-31,BOP,2.739,2.908,3.078,2.041
2024-05-31,CAN,2.733,2.875,3.057,2.066
2024-05-31,GIS,2.831,3.014,3.167,2.192
2024-05-31,HKB,2.756,2.915,3.125,2.098
2024-05-31,MBH,2.792,2.968,3.132,2.123
2024-05-31,MWT,2.733,2.902,3.06,2.039
2024-05-31,NSN,2.763,2.934,3.114,2.124
2024-05-31,NTL,2.773,2.949,3.145,2.108
2024-05-31,OTA,2.757,2.897,3.073,2.077
2024-05-31,STL,2.773,2.927,3.089,2.099
2024-05-31,TAS,2.781,2.956,3.131,2.1
2024-05-31,TKI,2.738,2.931,3.106,2.093
2024-05-31,WGN,2.69,2.867,3.028,2.047
2024-05-31,WKO,2.707,2.899,3.057,2.031
2024-05-31,WTC,2.834,3.012,3.182,2.164
2024-06-07,AUK,2.745,2.907,3.103,2.065
2024-06-07,BOP,2.671,2.859,3.03,2.013
2024-06-07,CAN,2.666,2.848,3.002,1.98
2024-06-07,GIS,2.804,2.964,3.142,2.127
2024-06-07,HKB,2.717,2.881,3.065,2.05
2024-06-07,MBH,2.775,2.923,3.093,2.076
2024-06-07,MWT,2.678,2.865,3.022,2.01
2024-06-07,NSN,2.717,2.885,3.073,2.071
2024-06-07,NTL,2.737,2.901,3.077,2.06
2024-06-07,OTA,2.709,2.859,3.043,2.005
2024-06-07,STL,2.719,2.891,3.074,2.057
2024-06-07,TAS,2.746,2.905,3.085,2.086
2024-06-07,TKI,2.709,2.887,3.047,2.031
2024-06-07,WGN,2.642,2.842,3.005,1.988
2024-06-07,WKO,2.666,2.846,3.005,2.005
2024-06-07,WTC,2.81,2.994,3.162,2.12
2024-06-14,AUK,2.688,2.877,3.048,2.056
2024-06-14,BOP,2.644,2.819,2.989,1.965
2024-06-14,CAN,2.611,2.774,2.959,1.954
2024-06-14,GIS,2.761,2.908,3.074,2.083
2024-06-14,HKB,2.705,2.859,3.01,1.99
2024-06-14,MBH,2.696,2.891,3.033,2.031
2024-06-14,MWT,2.632,2.812,2.964,1.963
2024-06-14,NSN,2.696,2.848,3.011,2.021
2024-06-14,NTL,2.67,2.886,3.051,2.044
2024-06-14,OTA,2.641,2.796,2.992,1.988
2024-06-14,STL,2.665,2.857,3.018,2.014
2024-06-14,TAS,2.699,2.865,3.014,2.023
2024-06-14,TKI,2.661,2.839,3.014,1.998
2024-06-14,WGN,2.61,2.78,2.978,1.942
2024-06-14,WKO,2.632,2.793,2.984,1.969
2024-06-14,WTC,2.771,2.931,3.117,2.102
2024-06-21,AUK,2.658,2.863,3.027,2.006
2024-06-21,BOP,2.633,2.818,2.985,1.971
2024-06-21,CAN,2.607,2.791,2.959,1.956
2024-06-21,GIS,2.734,2.92,3.061,2.061
2024-06-21,HKB,2.671,2.833,2.985,2.018
2024-06-21,MBH,2.698,2.849,3.047,2.011
2024-06-21,MWT,2.607,2.787,2.941,1.957
2024-06-21,NSN,2.667,2.843,3.03,2.007
2024-06-21,NTL,2.696,2.84,3.035,2.031
2024-06-21,OTA,2.632,2.796,2.971,1.991
2024-06-21,STL,2.662,2.836,2.996,2.0
2024-06-21,TAS,2.679,2.832,3.035,2.026
2024-06-21,TKI,2.659,2.807,2.981,1.992
2024-06-21,WGN,2.595,2.784,2.964,1.945
2024-06-21,WKO,2.595,2.769,2.961,1.932
2024-06-21,WTC,2.743,2.923,3.106,2.103
2024-06-28,AUK,2.736,2.853,3.047,2.053
2024-06-28,BOP,2.664,2.826,2.99,2.02
2024-06-28,CAN,2.623,2.797,2.985,1.976
2024-06-28,GIS,2.754,2.919,3.101,2.122
2024-06-28,HKB,2.705,2.845,3.032,2.042
2024-06-28,MBH,2.739,2.879,3.057,2.067
2024-06-28,MWT,2.658,2.835,3.014,2.016
2024-06-28,NSN,2.69,2.903,3.047,2.034
2024-06-28,NTL,2.699,2.886,3.055,2.033
2024-06-28,OTA,2.654,2.827,3.018,1.999
2024-06-28,STL,2.662,2.872,3.025,2.034
2024-06-28,TAS,2.712,2.872,3.06,2.055
2024-06-28,TKI,2.683,2.843,3.004,2.027
2024-06-28,WGN,2.624,2.809,2.966,1.988
2024-06-28,WKO,2.635,2.82,2.967,1.972
2024-06-28,WTC,2.788,2.952,3.129,2.123
2024-07-05,AUK,2.557,2.745,2.909,1.913
2024-07-05,BOP,2.622,2.804,2.96,1.998
2024-07-05,CAN,2.615,2.774,2.943,1.946
2024-07-05,GIS,2.715,2.898,3.069,2.064
2024-07-05,HKB,2.655,2.839,3.01,1.996
2024-07-05,MBH,2.683,2.84,3.011,2.021
2024-07-05,MWT,2.612,2.759,2.942,1.946
2024-07-05,NSN,2.666,2.822,3.014,1.995
2024-07-05,NTL,2.662,2.836,3.014,2.024
2024-07-05,OTA,2.605,2.811,2.98,1.989
2024-07-05,STL,2.661,2.846,3.012,1.978
2024-07-05,TAS,2.683,2.857,3.02,2.03
2024-07-05,TKI,2.641,2.818,2.995,2.014
2024-07-05,WGN,2.605,2.764,2.924,1.95
2024-07-05,WKO,2.597,2.775,2.947,1.941
2024-07-05,WTC,2.73,2.904,3.067,2.082
2024-07-12,AUK,2.577,2.76,2.917,1.924
2024-07-12,BOP,2.638,2.815,2.967,1.973
2024-07-12,CAN,2.616,2.798,2.947,1.963
2024-07-12,GIS,2.719,2.919,3.082,2.096
2024-07-12,HKB,2.663,2.857,3.021,2.022
2024-07-12,MBH,2.698,2.887,3.048,2.037
2024-07-12,MWT,2.643,2.812,2.964,1.981
2024-07-12,NSN,2.676,2.863,3.023,2.017
2024-07-12,NTL,2.692,2.875,3.034,2.03
2024-07-12,OTA,2.655,2.811,2.975,1.98
2024-07-12,STL,2.67,2.854,3.012,2.014
2024-07-12,TAS,2.698,2.879,3.044,2.063
2024-07-12,TKI,2.659,2.838,3.0,2.001
2024-07-12,WGN,2.617,2.785,2.957,1.96
2024-07-12,WKO,2.625,2.791,2.964,1.973
2024-07-12,WTC,2.775,2.935,3.098,2.105
2024-07-19,AUK,2.591,2.747,2.917,1.921
2024-07-19,BOP,2.66,2.813,2.971,2.008
2024-07-19,CAN,2.629,2.82,2.979,1.978
2024-07-19,GIS,2.731,2.923,3.076,2.095
2024-07-19,HKB,2.673,2.87,3.025,2.012
2024-07-19,MBH,2.687,2.866,3.059,2.039
2024-07-19,MWT,2.642,2.823,2.971,1.986
2024-07-19,NSN,2.688,2.856,3.042,2.043
2024-07-19,NTL,2.698,2.866,3.038,2.05
2024-07-19,OTA,2.649,2.801,2.973,1.972
2024-07-19,STL,2.681,2.861,3.016,2.014
2024-07-19,TAS,2.709,2.881,3.039,2.059
2024-07-19,TKI,2.678,2.835,2.992,2.014
2024-07-19,WGN,2.644,2.793,2.956,1.966
2024-07-19,WKO,2.617,2.782,2.968,1.968
2024-07-19,WTC,2.794,2.942,3.104,2.111
2024-07-26,AUK,2.606,2.762,2.942,1.924
2024-07-26,BOP,2.654,2.805,2.974,1.981
2024-07-26,CAN,2.631,2.811,2.979,1.984
2024-07-26,GIS,2.743,2.885,3.107,2.084
2024-07-26,HKB,2.674,2.854,3.014,2.013
2024-07-26,MBH,2.724,2.865,3.037,2.044
2024-07-26,MWT,2.639,2.811,2.981,1.979
2024-07-26,NSN,2.677,2.868,3.044,2.021
2024-07-26,NTL,2.678,2.883,3.055,2.058
2024-07-26,OTA,2.634,2.808,2.995,1.992
2024-07-26,STL,2.679,2.848,3.021,2.012
2024-07-26,TAS,2.692,2.87,3.036,2.039
2024-07-26,TKI,2.674,2.847,3.015,1.99
2024-07-26,WGN,2.615,2.779,2.934,1.941
2024-07-26,WKO,2.633,2.804,2.954,1.962
2024-07-26,WTC,2.76,2.923,3.091,2.11
2024-08-02,AUK,2.554,2.726,2.906,1.917
2024-08-02,BOP,2.631,2.784,3.0,1.954
2024-08-02,CAN,2.606,2.791,2.958,1.948
2024-08-02,GIS,2.725,2.905,3.068,2.082
2024-08-02,HKB,2.666,2.827,2.999,1.991
2024-08-02,MBH,2.684,2.876,3.027,2.015
2024-08-02,MWT,2.626,2.773,2.978,1.948
2024-08-02,NSN,2.697,2.855,3.007,2.023
2024-08-02,NTL,2.678,2.855,3.048,1.991
2024-08-02,OTA,2.637,2.802,2.967,1.967
2024-08-02,STL,2.67,2.834,2.995,2.015
2024-08-02,TAS,2.674,2.851,3.032,2.032
2024-08-02,TKI,2.654,2.812,2.976,1.997
2024-08-02,WGN,2.598,2.78,2.939,1.931
2024-08-02,WKO,2.606,2.787,2.971,1.962
2024-08-02,WTC,2.745,2.935,3.111,2.088
2024-08-09,AUK,2.553,2.719,2.907,1.914
2024-08-09,BOP,2.622,2.812,2.971,1.97
2024-08-09,CAN,2.605,2.76,2.935,1.945
2024-08-09,GIS,2.721,2.882,3.045,2.088
2024-08-09,HKB,2.66,2.83,3.012,1.994
2024-08-09,MBH,2.695,2.854,3.037,2.013
2024-08-09,MWT,2.612,2.79,2.968,1.94
2024-08-09,NSN,2.689,2.834,3.015,2.014
2024-08-09,NTL,2.675,2.862,3.001,2.01
2024-08-09,OTA,2.617,2.784,2.972,1.966
2024-08-09,STL,2.643,2.812,2.968,1.992
2024-08-09,TAS,2.705,2.836,2.999,2.004
2024-08-09,TKI,2.647,2.833,2.999,1.981
2024-08-09,WGN,2.598,2.766,2.927,1.912
2024-08-09,WKO,2.615,2.777,2.963,1.951
2024-08-09,WTC,2.742,2.901,3.085,2.077
2024-08-16,AUK,2.552,2.719,2.897,1.881
2024-08-16,BOP,2.609,2.774,2.924,1.951
2024-08-16,CAN,2.56,2.742,2.914,1.927
2024-08-16,GIS,2.701,2.883,3.021,2.018
2024-08-16,HKB,2.629,2.797,2.958,1.967
2024-08-16,MBH,2.666,2.82,3.001,1.997
2024-08-16,MWT,2.581,2.761,2.95,1.93
2024-08-16,NSN,2.638,2.818,2.996,1.988
2024-08-16,NTL,2.658,2.828,3.001,1.992
2024-08-16,OTA,2.625,2.79,2.938,1.948
2024-08-16,STL,2.644,2.809,2.988,1.983
2024-08-16,TAS,2.663,2.811,3.009,1.98
2024-08-16,TKI,2.614,2.805,2.963,1.94
2024-08-16,WGN,2.584,2.753,2.914,1.895
2024-08-16,WKO,2.587,2.756,2.914,1.914
2024-08-16,WTC,2.721,2.902,3.07,2.047
2024-08-23,AUK,2.535,2.674,2.869,1.854
2024-08-23,BOP,2.599,2.754,2.938,1.925
2024-08-23,CAN,2.57,2.727,2.897,1.882
2024-08-23,GIS,2.678,2.865,3.032,2.012
2024-08-23,HKB,2.605,2.781,2.961,1.931
2024-08-23,MBH,2.648,2.818,2.989,1.99
2024-08-23,MWT,2.582,2.744,2.922,1.914
2024-08-23,NSN,2.627,2.79,2.969,1.948
2024-08-23,NTL,2.637,2.815,2.994,1.971
2024-08-23,OTA,2.58,2.76,2.927,1.93
2024-08-23,STL,2.614,2.786,2.963,1.941
2024-08-23,TAS,2.618,2.827,2.981,1.957
2024-08-23,TKI,2.61,2.772,2.948,1.939
2024-08-23,WGN,2.561,2.725,2.906,1.896
2024-08-23,WKO,2.576,2.731,2.908,1.871
2024-08-23,WTC,2.721,2.884,3.017,2.032
2024-08-30,AUK,2.503,2.66,2.827,1.841
2024-08-30,BOP,2.54,2.747,2.903,1.887
2024-08-30,CAN,2.541,2.724,2.872,1.861
2024-08-30,GIS,2.646,2.846,2.981,1.993
2024-08-30,HKB,2.612,2.744,2.947,1.914
2024-08-30,MBH,2.618,2.792,2.981,1.944
2024-08-30,MWT,2.548,2.725,2.905,1.869
2024-08-30,NSN,2.601,2.771,2.928,1.913
2024-08-30,NTL,2.607,2.767,2.946,1.916
2024-08-30,OTA,2.574,2.728,2.887,1.914
2024-08-30,STL,2.602,2.766,2.928,1.932
2024-08-30,TAS,2.62,2.788,2.947,1.94
2024-08-30,TKI,2.593,2.733,2.906,1.916
2024-08-30,WGN,2.526,2.661,2.881,1.848
2024-08-30,WKO,2.545,2.712,2.889,1.861
2024-08-30,WTC,2.68,2.837,3.002,2.027
2024-09-06,AUK,2.483,2.63,2.801,1.813
2024-09-06,BOP,2.539,2.717,2.888,1.852
2024-09-06,CAN,2.513,2.683,2.843,1.83
2024-09-06,GIS,2.65,2.81,2.984,1.97
2024-09-06,HKB,2.544,2.752,2.894,1.911
2024-09-06,MBH,2.6,2.767,2.944,1.921
2024-09-06,MWT,2.535,2.69,2.853,1.827
2024-09-06,NSN,2.569,2.735,2.906,1.916
2024-09-06,NTL,2.599,2.752,2.93,1.936
2024-09-06,OTA,2.533,2.722,2.867,1.843
2024-09-06,STL,2.562,2.74,2.922,1.873
2024-09-06,TAS,2.579,2.775,2.925,1.902
2024-09-06,TKI,2.576,2.729,2.903,1.884
2024-09-06,WGN,2.522,2.692,2.827,1.839
2024-09-06,WKO,2.55,2.708,2.834,1.833
2024-09-06,WTC,2.655,2.816,3.014,1.978
2024-09-13,AUK,2.463,2.626,2.807,1.783
2024-09-13,BOP,2.529,2.684,2.856,1.846
2024-09-13,CAN,2.496,2.664,2.848,1.821
2024-09-13,GIS,2.618,2.789,2.971,1.932
2024-09-13,HKB,2.533,2.715,2.878,1.855
2024-09-13,MBH,2.556,2.752,2.937,1.887
2024-09-13,MWT,2.488,2.679,2.845,1.842
2024-09-13,NSN,2.561,2.738,2.903,1.88
2024-09-13,NTL,2.559,2.732,2.915,1.9
2024-09-13,OTA,2.51,2.686,2.862,1.837
2024-09-13,STL,2.563,2.716,2.894,1.86
2024-09-13,TAS,2.565,2.731,2.9,1.862
2024-09-13,TKI,2.538,2.712,2.885,1.85
2024-09-13,WGN,2.483,2.657,2.834,1.797
2024-09-13,WKO,2.494,2.658,2.818,1.813
2024-09-13,WTC,2.641,2.819,2.974,1.954
2024-09-20,AUK,2.434,2.589,2.783,1.746
2024-09-20,BOP,2.468,2.67,2.84,1.807
2024-09-20,CAN,2.459,2.625,2.807,1.772
2024-09-20,GIS,2.6,2.768,2.93,1.917
2024-09-20,HKB,2.513,2.705,2.849,1.823
2024-09-20,MBH,2.56,2.748,2.901,1.871
2024-09-20,MWT,2.463,2.649,2.816,1.775
2024-09-20,NSN,2.523,2.716,2.877,1.83
2024-09-20,NTL,2.532,2.719,2.92,1.859
2024-09-20,OTA,2.501,2.651,2.818,1.817
2024-09-20,STL,2.514,2.688,2.863,1.823
2024-09-20,TAS,2.541,2.681,2.867,1.846
2024-09-20,TKI,2.522,2.696,2.845,1.82
2024-09-20,WGN,2.472,2.612,2.789,1.772
2024-09-20,WKO,2.469,2.63,2.81,1.779
2024-09-20,WTC,2.609,2.768,2.939,1.91
2024-09-27,AUK,2.416,2.577,2.745,1.718
2024-09-27,BOP,2.474,2.628,2.81,1.762
2024-09-27,CAN,2.448,2.639,2.781,1.754
2024-09-27,GIS,2.578,2.736,2.91,1.898
2024-09-27,HKB,2.52,2.656,2.843,1.817
2024-09-27,MBH,2.537,2.709,2.869,1.85
2024-09-27,MWT,2.481,2.65,2.799,1.774
2024-09-27,NSN,2.503,2.689,2.86,1.832
2024-09-27,NTL,2.524,2.716,2.852,1.819
2024-09-27,OTA,2.479,2.635,2.835,1.77
2024-09-27,STL,2.508,2.671,2.867,1.83
2024-09-27,TAS,2.511,2.698,2.883,1.813
2024-09-27,TKI,2.496,2.69,2.841,1.796
2024-09-27,WGN,2.443,2.623,2.789,1.742
2024-09-27,WKO,2.456,2.626,2.802,1.758
2024-09-27,WTC,2.59,2.787,2.931,1.902
2024-10-04,AUK,2.423,2.608,2.741,1.688
2024-10-04,BOP,2.463,2.66,2.813,1.732
2024-10-04,CAN,2.453,2.643,2.777,1.72
2024-10-04,GIS,2.566,2.751,2.923,1.849
2024-10-04,HKB,2.495,2.682,2.855,1.778
2024-10-04,MBH,2.526,2.696,2.855,1.808
2024-10-04,MWT,2.472,2.623,2.811,1.743
2024-10-04,NSN,2.491,2.698,2.861,1.796
2024-10-04,NTL,2.54,2.693,2.86,1.805
2024-10-04,OTA,2.488,2.645,2.83,1.753
2024-10-04,STL,2.476,2.665,2.849,1.776
2024-10-04,TAS,2.507,2.715,2.859,1.811
2024-10-04,TKI,2.471,2.666,2.852,1.762
2024-10-04,WGN,2.427,2.625,2.799,1.691
2024-10-04,WKO,2.448,2.648,2.796,1.734
2024-10-04,WTC,2.574,2.774,2.932,1.866
2024-10-11,AUK,2.436,2.592,2.777,1.723
2024-10-11,BOP,2.491,2.662,2.828,1.797
2024-10-11,CAN,2.478,2.663,2.812,1.78
2024-10-11,GIS,2.586,2.754,2.927,1.876
2024-10-11,HKB,2.519,2.685,2.867,1.803
2024-10-11,MBH,2.571,2.729,2.882,1.845
2024-10-11,MWT,2.453,2.672,2.837,1.775
2024-10-11,NSN,2.539,2.714,2.871,1.826
2024-10-11,NTL,2.547,2.712,2.889,1.839
2024-10-11,OTA,2.497,2.651,2.86,1.791
2024-10-11,STL,2.523,2.682,2.87,1.809
2024-10-11,TAS,2.556,2.725,2.892,1.831
2024-10-11,TKI,2.529,2.682,2.854,1.819
2024-10-11,WGN,2.446,2.635,2.832,1.749
2024-10-11,WKO,2.457,2.645,2.834,1.758
2024-10-11,WTC,2.616,2.792,2.94,1.907
2024-10-18,AUK,2.449,2.636,2.804,1.774
2024-10-18,BOP,2.533,2.678,2.865,1.797
2024-10-18,CAN,2.505,2.69,2.865,1.815
2024-10-18,GIS,2.581,2.784,3.006,1.913
2024-10-18,HKB,2.55,2.743,2.901,1.851
2024-10-18,MBH,2.572,2.74,2.937,1.878
2024-10-18,MWT,2.532,2.68,2.861,1.811
2024-10-18,NSN,2.551,2.753,2.911,1.845
2024-10-18,NTL,2.572,2.769,2.926,1.856
2024-10-18,OTA,2.525,2.684,2.88,1.818
2024-10-18,STL,2.548,2.747,2.904,1.839
2024-10-18,TAS,2.581,2.756,2.932,1.876
2024-10-18,TKI,2.548,2.708,2.893,1.835
2024-10-18,WGN,2.496,2.668,2.848,1.797
2024-10-18,WKO,2.507,2.673,2.867,1.794
2024-10-18,WTC,2.638,2.837,2.99,1.946
2024-10-25,AUK,2.467,2.658,2.814,1.763
2024-10-25,BOP,2.54,2.707,2.875,1.807
2024-10-25,CAN,2.523,2.704,2.866,1.799
2024-10-25,GIS,2.627,2.838,2.974,1.932
2024-10-25,HKB,2.562,2.735,2.904,1.87
2024-10-25,MBH,2.596,2.768,2.945,1.885
2024-10-25,MWT,2.542,2.678,2.878,1.809
2024-10-25,NSN,2.577,2.751,2.915,1.849
2024-10-25,NTL,2.577,2.751,2.915,1.874
2024-10-25,OTA,2.542,2.694,2.869,1.823
2024-10-25,STL,2.548,2.739,2.919,1.87
2024-10-25,TAS,2.611,2.773,2.932,1.881
2024-10-25,TKI,2.579,2.721,2.909,1.85
2024-10-25,WGN,2.494,2.689,2.835,1.785
2024-10-25,WKO,2.513,2.718,2.863,1.812
2024-10-25,WTC,2.653,2.812,2.994,1.946
2024-11-01,AUK,2.443,2.622,2.81,1.73
2024-11-01,BOP,2.539,2.7,2.844,1.812
2024-11-01,CAN,2.494,2.662,2.851,1.799
2024-11-01,GIS,2.617,2.788,2.968,1.929
2024-11-01,HKB,2.545,2.731,2.908,1.89
2024-11-01,MBH,2.597,2.738,2.927,1.898
2024-11-01,MWT,2.513,2.676,2.869,1.826
2024-11-01,NSN,2.578,2.745,2.91,1.858
2024-11-01,NTL,2.597,2.748,2.931,1.876
2024-11-01,OTA,2.535,2.716,2.856,1.803
2024-11-01,STL,2.579,2.723,2.9,1.842
2024-11-01,TAS,2.578,2.785,2.93,1.856
2024-11-01,TKI,2.549,2.736,2.888,1.829
2024-11-01,WGN,2.476,2.655,2.827,1.79
2024-11-01,WKO,2.513,2.689,2.866,1.808
2024-11-01,WTC,2.642,2.818,3.01,1.942
2024-11-08,AUK,2.465,2.634,2.825,1.781
2024-11-08,BOP,2.535,2.705,2.874,1.827
2024-11-08,CAN,2.529,2.691,2.844,1.803
2024-11-08,GIS,2.631,2.803,2.983,1.941
2024-11-08,HKB,2.562,2.768,2.91,1.871
2024-11-08,MBH,2.609,2.783,2.928,1.901
2024-11-08,MWT,2.53,2.707,2.868,1.83
2024-11-08,NSN,2.58,2.736,2.926,1.868
2024-11-08,NTL,2.591,2.76,2.932,1.874
2024-11-08,OTA,2.535,2.706,2.882,1.828
2024-11-08,STL,2.566,2.748,2.944,1.855
2024-11-08,TAS,2.563,2.763,2.942,1.861
2024-11-08,TKI,2.56,2.725,2.886,1.838
2024-11-08,WGN,2.509,2.686,2.846,1.791
2024-11-08,WKO,2.529,2.691,2.865,1.794
2024-11-08,WTC,2.665,2.831,3.031,1.93
2024-11-15,AUK,2.51,2.686,2.834,1.772
2024-11-15,BOP,2.565,2.718,2.896,1.867
2024-11-15,CAN,2.541,2.713,2.887,1.839
2024-11-15,GIS,2.675,2.835,3.008,1.95
2024-11-15,HKB,2.58,2.78,2.924,1.863
2024-11-15,MBH,2.619,2.826,2.973,1.923
2024-11-15,MWT,2.529,2.711,2.891,1.829
2024-11-15,NSN,2.587,2.768,2.955,1.893
2024-11-15,NTL,2.592,2.787,2.957,1.906
2024-11-15,OTA,2.555,2.738,2.909,1.85
2024-11-15,STL,2.603,2.75,2.948,1.884
2024-11-15,TAS,2.613,2.776,2.936,1.896
2024-11-15,TKI,2.593,2.734,2.925,1.859
2024-11-15,WGN,2.509,2.714,2.873,1.825
2024-11-15,WKO,2.531,2.69,2.9,1.805
2024-11-15,WTC,2.696,2.828,3.031,1.996
2024-11-22,AUK,2.499,2.668,2.862,1.79
2024-11-22,BOP,2.553,2.721,2.891,1.852
2024-11-22,CAN,2.514,2.705,2.863,1.827
2024-11-22,GIS,2.657,2.845,2.999,1.971
2024-11-22,HKB,2.586,2.765,2.938,1.898
2024-11-22,MBH,2.64,2.796,2.989,1.9
2024-11-22,MWT,2.533,2.705,2.904,1.835
2024-11-22,NSN,2.598,2.807,2.97,1.883
2024-11-22,NTL,2.602,2.8,2.977,1.904
2024-11-22,OTA,2.562,2.743,2.899,1.873
2024-11-22,STL,2.597,2.763,2.93,1.911
2024-11-22,TAS,2.623,2.793,2.958,1.91
2024-11-22,TKI,2.574,2.766,2.905,1.866
2024-11-22,WGN,2.541,2.701,2.882,1.815
2024-11-22,WKO,2.549,2.721,2.873,1.837
2024-11-22,WTC,2.669,2.857,3.037,1.959
2024-11-29,AUK,2.504,2.675,2.841,1.783
2024-11-29,BOP,2.572,2.741,2.903,1.849
2024-11-29,CAN,2.525,2.729,2.903,1.854
2024-11-29,GIS,2.643,2.824,2.986,1.957
2024-11-29,HKB,2.59,2.774,2.924,1.877
2024-11-29,MBH,2.628,2.803,2.962,1.923
2024-11-29,MWT,2.558,2.716,2.895,1.852
2024-11-29,NSN,2.578,2.769,2.947,1.907
2024-11-29,NTL,2.604,2.772,2.948,1.888
2024-11-29,OTA,2.545,2.763,2.922,1.846
2024-11-29,STL,2.608,2.771,2.93,1.886
2024-11-29,TAS,2.596,2.772,2.944,1.903
2024-11-29,TKI,2.561,2.727,2.928,1.854
2024-11-29,WGN,2.54,2.715,2.869,1.83
2024-11-29,WKO,2.54,2.702,2.872,1.817
2024-11-29,WTC,2.687,2.854,3.027,1.983
2024-12-06,AUK,2.491,2.681,2.812,1.791
2024-12-06,BOP,2.573,2.738,2.89,1.838
2024-12-06,CAN,2.554,2.705,2.879,1.83
2024-12-06,GIS,2.64,2.837,3.004,1.965
2024-12-06,HKB,2.586,2.77,2.945,1.867
2024-12-06,MBH,2.608,2.781,2.925,1.914
2024-12-06,MWT,2.547,2.722,2.898,1.819
2024-12-06,NSN,2.593,2.784,2.941,1.899
2024-12-06,NTL,2.573,2.779,2.96,1.921
2024-12-06,OTA,2.536,2.721,2.906,1.853
2024-12-06,STL,2.587,2.768,2.927,1.862
2024-12-06,TAS,2.594,2.786,2.954,1.922
2024-12-06,TKI,2.568,2.739,2.924,1.877
2024-12-06,WGN,2.509,2.705,2.872,1.797
2024-12-06,WKO,2.555,2.716,2.874,1.844
2024-12-06,WTC,2.683,2.84,3.018,1.963
2024-12-13,AUK,2.483,2.676,2.826,1.785
2024-12-13,BOP,2.562,2.722,2.902,1.861
2024-12-13,CAN,2.543,2.701,2.87,1.813
2024-12-13,GIS,2.661,2.839,3.009,1.951
2024-12-13,HKB,2.591,2.753,2.93,1.856
2024-12-13,MBH,2.598,2.781,2.964,1.9
2024-12-13,MWT,2.568,2.712,2.901,1.834
2024-12-13,NSN,2.583,2.77,2.932,1.929
2024-12-13,NTL,2.598,2.795,2.956,1.901
2024-12-13,OTA,2.559,2.729,2.92,1.849
2024-12-13,STL,2.575,2.738,2.918,1.894
2024-12-13,TAS,2.625,2.77,2.931,1.895
2024-12-13,TKI,2.57,2.723,2.933,1.862
2024-12-13,WGN,2.523,2.72,2.895,1.809
2024-12-13,WKO,2.53,2.699,2.883,1.834
2024-12-13,WTC,2.672,2.841,3.027,1.98
2024-12-20,AUK,2.539,2.692,2.878,1.836
2024-12-20,BOP,2.61,2.767,2.921,1.865
2024-12-20,CAN,2.559,2.748,2.93,1.864
2024-12-20,GIS,2.67,2.854,3.02,1.979
2024-12-20,HKB,2.631,2.778,2.946,1.913
2024-12-20,MBH,2.619,2.818,2.999,1.933
2024-12-20,MWT,2.579,2.746,2.915,1.837
2024-12-20,NSN,2.625,2.8,2.968,1.909
2024-12-20,NTL,2.634,2.81,2.976,1.918
2024-12-20,OTA,2.587,2.762,2.914,1.868
2024-12-20,STL,2.605,2.796,2.974,1.891
2024-12-20,TAS,2.64,2.813,2.978,1.92
2024-12-20,TKI,2.594,2.788,2.944,1.895
2024-12-20,WGN,2.551,2.709,2.885,1.828
2024-12-20,WKO,2.554,2.731,2.915,1.862
2024-12-20,WTC,2.7,2.862,3.056,1.984
2024-12-27,AUK,2.531,2.722,2.884,1.853
2024-12-27,BOP,2.604,2.805,2.967,1.909
2024-12-27,CAN,2.607,2.764,2.926,1.875
2024-12-27,GIS,2.723,2.888,3.047,1.989
2024-12-27,HKB,2.664,2.833,2.987,1.919
2024-12-27,MBH,2.68,2.86,3.037,1.981
2024-12-27,MWT,2.611,2.784,2.949,1.892
2024-12-27,NSN,2.659,2.843,3.012,1.927
2024-12-27,NTL,2.676,2.832,2.996,1.962
2024-12-27,OTA,2.632,2.788,2.964,1.907
2024-12-27,STL,2.662,2.812,2.982,1.933
2024-12-27,TAS,2.678,2.836,3.013,1.945
2024-12-27,TKI,2.642,2.799,3.003,1.919
2024-12-27,WGN,2.598,2.757,2.928,1.87
2024-12-27,WKO,2.609,2.767,2.937,1.888
2024-12-27,WTC,2.759,2.93,3.078,2.023
2025-01-03,AUK,2.609,2.757,2.926,1.869
2025-01-03,BOP,2.647,2.825,2.985,1.942
2025-01-03,CAN,2.626,2.756,2.942,1.914
2025-01-03,GIS,2.752,2.916,3.066,2.016
2025-01-03,HKB,2.693,2.84,3.019,1.965
2025-01-03,MBH,2.719,2.863,3.03,1.999
2025-01-03,MWT,2.641,2.799,2.979,1.94
2025-01-03,NSN,2.69,2.841,3.033,1.978
2025-01-03,NTL,2.703,2.87,3.022,1.957
2025-01-03,OTA,2.651,2.789,2.962,1.961
2025-01-03,STL,2.673,2.841,2.996,1.966
2025-01-03,TAS,2.699,2.871,3.009,1.982
2025-01-03,TKI,2.653,2.821,2.976,1.959
2025-01-03,WGN,2.624,2.79,2.938,1.904
2025-01-03,WKO,2.625,2.792,2.958,1.907
2025-01-03,WTC,2.78,2.931,3.098,2.042
2025-01-10,AUK,2.597,2.726,2.954,1.873
2025-01-10,BOP,2.639,2.815,2.977,1.945
2025-01-10,CAN,2.612,2.806,2.956,1.908
2025-01-10,GIS,2.749,2.899,3.085,2.045
2025-01-10,HKB,2.695,2.842,3.034,1.958
2025-01-10,MBH,2.727,2.872,3.042,2.007
2025-01-10,MWT,2.646,2.809,2.97,1.938
2025-01-10,NSN,2.707,2.834,3.001,1.969
2025-01-10,NTL,2.714,2.863,3.045,1.996
2025-01-10,OTA,2.656,2.782,2.988,1.962
2025-01-10,STL,2.698,2.847,3.015,1.978
2025-01-10,TAS,2.703,2.862,3.048,1.983
2025-01-10,TKI,2.688,2.832,2.997,1.942
2025-01-10,WGN,2.631,2.787,2.949,1.903
2025-01-10,WKO,2.647,2.803,2.965,1.905
2025-01-10,WTC,2.767,2.937,3.092,2.054
2025-01-17,AUK,2.632,2.778,2.947,1.886
2025-01-17,BOP,2.7,2.843,3.004,1.981
2025-01-17,CAN,2.646,2.812,2.993,1.959
2025-01-17,GIS,2.792,2.937,3.109,2.065
2025-01-17,HKB,2.709,2.858,3.036,1.997
2025-01-17,MBH,2.733,2.913,3.075,2.018
2025-01-17,MWT,2.664,2.833,2.98,1.959
2025-01-17,NSN,2.715,2.876,3.049,2.003
2025-01-17,NTL,2.719,2.894,3.064,2.024
2025-01-17,OTA,2.69,2.818,2.984,1.97
2025-01-17,STL,2.735,2.865,3.046,1.991
2025-01-17,TAS,2.716,2.881,3.049,2.027
2025-01-17,TKI,2.7,2.854,3.022,1.99
2025-01-17,WGN,2.652,2.806,2.98,1.929
2025-01-17,WKO,2.656,2.814,2.997,1.959
2025-01-17,WTC,2.807,2.955,3.129,2.074
2025-01-24,AUK,2.667,2.814,2.973,1.941
2025-01-24,BOP,2.704,2.858,3.016,1.988
2025-01-24,CAN,2.685,2.826,3.022,1.99
2025-01-24,GIS,2.807,2.975,3.124,2.115
2025-01-24,HKB,2.737,2.894,3.056,2.022
2025-01-24,MBH,2.739,2.93,3.078,2.059
2025-01-24,MWT,2.704,2.845,3.028,1.977
2025-01-24,NSN,2.73,2.885,3.08,2.043
2025-01-24,NTL,2.754,2.923,3.082,2.059
2025-01-24,OTA,2.707,2.869,3.009,1.994
2025-01-24,STL,2.749,2.873,3.056,2.028
2025-01-24,TAS,2.772,2.883,3.085,2.061
2025-01-24,TKI,2.725,2.871,3.061,2.024
2025-01-24,WGN,2.664,2.83,2.994,1.974
2025-01-24,WKO,2.67,2.859,3.017,1.956
2025-01-24,WTC,2.825,2.984,3.144,2.136
2025-01-31,AUK,2.65,2.794,2.958,1.949
2025-01-31,BOP,2.693,2.874,3.05,2.012
2025-01-31,CAN,2.704,2.841,3.013,1.986
2025-01-31,GIS,2.799,2.941,3.132,2.071
2025-01-31,HKB,2.743,2.887,3.044,2.034
2025-01-31,MBH,2.768,2.927,3.069,2.065
2025-01-31,MWT,2.701,2.854,3.017,2.012
2025-01-31,NSN,2.742,2.883,3.064,2.04
2025-01-31,NTL,2.774,2.906,3.068,2.057
2025-01-31,OTA,2.69,2.868,3.026,2.022
2025-01-31,STL,2.741,2.879,3.062,2.038
2025-01-31,TAS,2.739,2.932,3.059,2.039
2025-01-31,TKI,2.736,2.88,3.042,2.034
2025-01-31,WGN,2.674,2.853,2.991,1.978
2025-01-31,WKO,2.677,2.835,2.99,1.988
2025-01-31,WTC,2.839,2.965,3.167,2.141
2025-02-07,AUK,2.624,2.782,2.965,1.941
2025-02-07,BOP,2.683,2.837,3.011,1.976
2025-02-07,CAN,2.683,2.814,3.006,1.996
2025-02-07,GIS,2.797,2.929,3.095,2.099
2025-02-07,HKB,2.726,2.877,3.045,2.013
2025-02-07,MBH,2.765,2.895,3.071,2.033
2025-02-07,MWT,2.66,2.83,2.989,2.004
2025-02-07,NSN,2.733,2.884,3.016,2.046
2025-02-07,NTL,2.754,2.895,3.076,2.064
2025-02-07,OTA,2.697,2.852,3.008,2.009
2025-02-07,STL,2.724,2.865,3.045,2.027
2025-02-07,TAS,2.725,2.904,3.06,2.084
2025-02-07,TKI,2.71,2.867,3.028,1.999
2025-02-07,WGN,2.669,2.819,2.985,1.966
2025-02-07,WKO,2.66,2.85,2.998,1.967
2025-02-07,WTC,2.814,2.96,3.153,2.137
2025-02-14,AUK,2.605,2.766,2.951,1.917
2025-02-14,BOP,2.698,2.826,3.008,2.001
2025-02-14,CAN,2.671,2.836,2.984,1.968
2025-02-14,GIS,2.786,2.937,3.113,2.085
2025-02-14,HKB,2.701,2.883,3.052,2.03
2025-02-14,MBH,2.749,2.907,3.06,2.051
2025-02-14,MWT,2.667,2.849,2.993,1.989
2025-02-14,NSN,2.715,2.89,3.051,2.03
2025-02-14,NTL,2.746,2.888,3.046,2.07
2025-02-14,OTA,2.681,2.83,3.004,2.005
2025-02-14,STL,2.7,2.865,3.037,2.025
2025-02-14,TAS,2.743,2.882,3.053,2.046
2025-02-14,TKI,2.721,2.87,3.026,2.021
2025-02-14,WGN,2.656,2.819,2.985,1.961
2025-02-14,WKO,2.681,2.823,2.978,1.982
2025-02-14,WTC,2.801,2.975,3.123,2.106
2025-02-21,AUK,2.631,2.769,2.942,1.927
2025-02-21,BOP,2.684,2.851,3.026,1.994
2025-02-21,CAN,2.665,2.823,2.987,1.955
2025-02-21,GIS,2.806,2.936,3.091,2.104
2025-02-21,HKB,2.731,2.877,3.028,2.03
2025-02-21,MBH,2.739,2.9,3.076,2.049
2025-02-21,MWT,2.686,2.804,2.981,1.995
2025-02-21,NSN,2.74,2.869,3.037,2.057
2025-02-21,NTL,2.727,2.885,3.064,2.03
2025-02-21,OTA,2.682,2.815,3.017,1.972
2025-02-21,STL,2.715,2.861,3.036,2.025
2025-02-21,TAS,2.732,2.869,3.068,2.046
2025-02-21,TKI,2.702,2.852,3.006,2.019
2025-02-21,WGN,2.658,2.82,2.968,1.976
2025-02-21,WKO,2.65,2.807,3.004,1.959
2025-02-21,WTC,2.788,2.96,3.129,2.11
2025-02-28,AUK,2.616,2.751,2.948,1.943
2025-02-28,BOP,2.683,2.838,2.99,1.971
2025-02-28,CAN,2.654,2.798,2.976,1.958
2025-02-28,GIS,2.777,2.939,3.084,2.076
2025-02-28,HKB,2.695,2.847,3.032,1.995
2025-02-28,MBH,2.748,2.9,3.075,2.023
2025-02-28,MWT,2.662,2.838,2.985,1.998
2025-02-28,NSN,2.704,2.869,3.047,2.02
2025-02-28,NTL,2.728,2.882,3.069,2.058
2025-02-28,OTA,2.658,2.838,2.982,1.973
2025-02-28,STL,2.719,2.868,3.027,2.011
2025-02-28,TAS,2.733,2.863,3.044,2.04
2025-02-28,TKI,2.696,2.842,3.012,2.024
2025-02-28,WGN,2.64,2.794,2.955,1.95
2025-02-28,WKO,2.66,2.799,2.986,1.966
2025-02-28,WTC,2.793,2.952,3.121,2.095
2025-03-07,AUK,2.613,2.766,2.921,1.891
2025-03-07,BOP,2.66,2.82,2.979,1.962
2025-03-07,CAN,2.633,2.787,2.975,1.942
2025-03-07,GIS,2.775,2.933,3.094,2.066
2025-03-07,HKB,2.684,2.864,3.016,2.012
2025-03-07,MBH,2.74,2.88,3.034,2.019
2025-03-07,MWT,2.655,2.819,2.995,1.983
2025-03-07,NSN,2.734,2.869,3.031,2.018
2025-03-07,NTL,2.715,2.877,3.038,2.006
2025-03-07,OTA,2.668,2.823,2.989,1.972
2025-03-07,STL,2.686,2.837,3.007,1.994
2025-03-07,TAS,2.712,2.852,3.046,2.007
2025-03-07,TKI,2.682,2.834,3.029,1.983
2025-03-07,WGN,2.632,2.791,2.951,1.962
2025-03-07,WKO,2.652,2.811,2.968,1.962
2025-03-07,WTC,2.792,2.936,3.114,2.086
2025-03-14,AUK,2.593,2.717,2.912,1.901
2025-03-14,BOP,2.64,2.788,2.965,1.936
2025-03-14,CAN,2.621,2.78,2.935,1.956
2025-03-14,GIS,2.749,2.906,3.055,2.054
2025-03-14,HKB,2.674,2.816,2.975,2.004
2025-03-14,MBH,2.7,2.87,3.028,1.998
2025-03-14,MWT,2.628,2.783,2.966,1.929
2025-03-14,NSN,2.669,2.843,2.997,1.989
2025-03-14,NTL,2.689,2.82,3.012,1.986
2025-03-14,OTA,2.631,2.786,2.978,1.934
2025-03-14,STL,2.7,2.827,3.014,1.971
2025-03-14,TAS,2.681,2.843,3.012,2.002
2025-03-14,TKI,2.674,2.804,2.97,1.979
2025-03-14,WGN,2.625,2.748,2.939,1.924
2025-03-14,WKO,2.61,2.765,2.947,1.916
2025-03-14,WTC,2.753,2.909,3.103,2.079
2025-03-21,AUK,2.559,2.704,2.896,1.888
2025-03-21,BOP,2.625,2.755,2.941,1.945
2025-03-21,CAN,2.618,2.774,2.95,1.923
2025-03-21,GIS,2.719,2.863,3.039,2.029
2025-03-21,HKB,2.659,2.799,2.981,1.971
2025-03-21,MBH,2.665,2.829,2.983,2.01
2025-03-21,MWT,2.613,2.763,2.942,1.948
2025-03-21,NSN,2.657,2.817,2.981,2.001
2025-03-21,NTL,2.667,2.827,2.989,2.002
2025-03-21,OTA,2.607,2.768,2.935,1.958
2025-03-21,STL,2.656,2.797,2.974,1.968
2025-03-21,TAS,2.655,2.797,3.006,1.983
2025-03-21,TKI,2.645,2.781,2.971,1.952
2025-03-21,WGN,2.614,2.735,2.901,1.912
2025-03-21,WKO,2.59,2.763,2.926,1.922
2025-03-21,WTC,2.742,2.887,3.07,2.064
2025-03-28,AUK,2.553,2.701,2.884,1.854
2025-03-28,BOP,2.623,2.77,2.961,1.939
2025-03-28,CAN,2.603,2.738,2.918,1.906
2025-03-28,GIS,2.716,2.852,3.01,2.028
2025-03-28,HKB,2.65,2.787,2.959,1.946
2025-03-28,MBH,2.666,2.832,2.996,2.001
2025-03-28,MWT,2.594,2.756,2.928,1.906
2025-03-28,NSN,2.651,2.785,2.965,1.961
2025-03-28,NTL,2.652,2.816,2.995,1.989
2025-03-28,OTA,2.595,2.76,2.928,1.92
2025-03-28,STL,2.635,2.8,2.966,1.956
2025-03-28,TAS,2.673,2.821,2.994,1.974
2025-03-28,TKI,2.623,2.792,2.963,1.961
2025-03-28,WGN,2.575,2.724,2.882,1.904
2025-03-28,WKO,2.6,2.752,2.913,1.913
2025-03-28,WTC,2.751,2.893,3.043,2.044
2025-04-04,AUK,2.555,2.732,2.891,1.848
2025-04-04,BOP,2.602,2.762,2.937,1.932
2025-04-04,CAN,2.619,2.772,2.92,1.896
2025-04-04,GIS,2.716,2.886,3.02,2.03
2025-04-04,HKB,2.641,2.805,2.981,1.974
2025-04-04,MBH,2.684,2.832,3.005,1.978
2025-04-04,MWT,2.61,2.749,2.909,1.9
2025-04-04,NSN,2.656,2.817,2.976,1.983
2025-04-04,NTL,2.679,2.826,3.018,1.96
2025-04-04,OTA,2.604,2.751,2.965,1.943
2025-04-04,STL,2.629,2.803,2.995,1.972
2025-04-04,TAS,2.655,2.828,3.007,1.976
2025-04-04,TKI,2.634,2.812,2.976,1.937
2025-04-04,WGN,2.588,2.74,2.921,1.919
2025-04-04,WKO,2.592,2.751,2.948,1.911
2025-04-04,WTC,2.727,2.892,3.071,2.048
2025-04-11,AUK,2.535,2.702,2.861,1.847
2025-04-11,BOP,2.594,2.748,2.941,1.926
2025-04-11,CAN,2.57,2.738,2.897,1.892
2025-04-11,GIS,2.693,2.875,3.046,2.02
2025-04-11,HKB,2.633,2.787,2.965,1.938
2025-04-11,MBH,2.672,2.848,3.001,1.985
2025-04-11,MWT,2.604,2.761,2.952,1.876
2025-04-11,NSN,2.648,2.795,2.996,1.969
2025-04-11,NTL,2.678,2.795,2.972,1.946
2025-04-11,OTA,2.619,2.751,2.918,1.918
2025-04-11,STL,2.623,2.776,2.965,1.945
2025-04-11,TAS,2.65,2.814,2.996,1.962
2025-04-11,TKI,2.607,2.793,2.968,1.923
2025-04-11,WGN,2.581,2.72,2.917,1.887
2025-04-11,WKO,2.582,2.745,2.912,1.892
2025-04-11,WTC,2.716,2.887,3.047,2.016
2025-04-18,AUK,2.516,2.685,2.833,1.821
2025-04-18,BOP,2.576,2.743,2.922,1.895
2025-04-18,CAN,2.54,2.71,2.896,1.857
2025-04-18,GIS,2.662,2.846,3.004,2.005
2025-04-18,HKB,2.617,2.761,2.956,1.91
2025-04-18,MBH,2.633,2.804,2.971,1.945
2025-04-18,MWT,2.56,2.737,2.9,1.866
2025-04-18,NSN,2.621,2.779,2.956,1.933
2025-04-18,NTL,2.606,2.79,2.957,1.921
2025-04-18,OTA,2.57,2.746,2.92,1.888
2025-04-18,STL,2.608,2.786,2.943,1.929
2025-04-18,TAS,2.601,2.782,2.952,1.933
2025-04-18,TKI,2.583,2.758,2.926,1.919
2025-04-18,WGN,2.532,2.705,2.883,1.853
2025-04-18,WKO,2.554,2.732,2.88,1.848
2025-04-18,WTC,2.687,2.857,3.026,2.002
2025-04-25,AUK,2.492,2.666,2.828,1.806
2025-04-25,BOP,2.552,2.744,2.885,1.868
2025-04-25,CAN,2.553,2.693,2.892,1.84
2025-04-25,GIS,2.642,2.805,2.98,1.955
2025-04-25,HKB,2.567,2.749,2.947,1.91
2025-04-25,MBH,2.63,2.784,2.957,1.914
2025-04-25,MWT,2.558,2.741,2.866,1.856
2025-04-25,NSN,2.581,2.778,2.95,1.925
2025-04-25,NTL,2.612,2.764,2.933,1.933
2025-04-25,OTA,2.55,2.738,2.873,1.891
2025-04-25,STL,2.58,2.755,2.919,1.905
2025-04-25,TAS,2.607,2.766,2.946,1.909
2025-04-25,TKI,2.572,2.735,2.92,1.873
2025-04-25,WGN,2.533,2.693,2.84,1.844
2025-04-25,WKO,2.505,2.695,2.862,1.855
2025-04-25,WTC,2.701,2.838,3.021,1.993
2025-05-02,AUK,2.473,2.651,2.82,1.798
2025-05-02,BOP,2.534,2.708,2.87,1.864
2025-05-02,CAN,2.533,2.69,2.882,1.851
2025-05-02,GIS,2.644,2.82,2.959,1.96
2025-05-02,HKB,2.565,2.735,2.909,1.878
2025-05-02,MBH,2.601,2.774,2.934,1.913
2025-05-02,MWT,2.534,2.689,2.867,1.826
2025-05-02,NSN,2.601,2.751,2.938,1.92
2025-05-02,NTL,2.582,2.752,2.945,1.905
2025-05-02,OTA,2.534,2.709,2.887,1.846
2025-05-02,STL,2.571,2.736,2.913,1.904
2025-05-02,TAS,2.601,2.763,2.93,1.908
2025-05-02,TKI,2.587,2.711,2.907,1.881
2025-05-02,WGN,2.505,2.69,2.835,1.813
2025-05-02,WKO,2.531,2.679,2.881,1.828
2025-05-02,WTC,2.646,2.836,2.998,1.966
2025-05-09,AUK,2.471,2.649,2.812,1.772
2025-05-09,BOP,2.545,2.7,2.868,1.831
2025-05-09,CAN,2.525,2.664,2.824,1.801
2025-05-09,GIS,2.648,2.788,2.969,1.913
2025-05-09,HKB,2.564,2.719,2.895,1.864
2025-05-09,MBH,2.59,2.752,2.93,1.886
2025-05-09,MWT,2.517,2.689,2.848,1.849
2025-05-09,NSN,2.545,2.746,2.894,1.873
2025-05-09,NTL,2.587,2.753,2.907,1.88
2025-05-09,OTA,2.52,2.684,2.851,1.822
2025-05-09,STL,2.562,2.722,2.888,1.913
2025-05-09,TAS,2.587,2.748,2.931,1.886
2025-05-09,TKI,2.56,2.718,2.87,1.892
2025-05-09,WGN,2.516,2.657,2.821,1.805
2025-05-09,WKO,2.531,2.692,2.841,1.816
2025-05-09,WTC,2.639,2.798,2.981,1.97
2025-05-16,AUK,2.462,2.634,2.798,1.761
2025-05-16,BOP,2.513,2.691,2.872,1.806
2025-05-16,CAN,2.506,2.693,2.833,1.788
2025-05-16,GIS,2.613,2.774,2.966,1.911
2025-05-16,HKB,2.544,2.711,2.888,1.811
2025-05-16,MBH,2.573,2.758,2.914,1.884
2025-05-16,MWT,2.514,2.672,2.861,1.804
2025-05-16,NSN,2.543,2.728,2.892,1.848
2025-05-16,NTL,2.572,2.743,2.893,1.864
2025-05-16,OTA,2.505,2.684,2.844,1.803
2025-05-16,STL,2.556,2.736,2.887,1.853
2025-05-16,TAS,2.563,2.74,2.906,1.883
2025-05-16,TKI,2.558,2.705,2.848,1.822
2025-05-16,WGN,2.524,2.68,2.802,1.807
2025-05-16,WKO,2.487,2.656,2.819,1.778
2025-05-16,WTC,2.625,2.824,2.992,1.944
2025-05-23,AUK,2.46,2.617,2.762,1.727
2025-05-23,BOP,2.53,2.676,2.866,1.814
2025-05-23,CAN,2.504,2.672,2.839,1.784
2025-05-23,GIS,2.596,2.78,2.957,1.919
2025-05-23,HKB,2.538,2.706,2.893,1.836
2025-05-23,MBH,2.554,2.755,2.905,1.868
2025-05-23,MWT,2.513,2.66,2.833,1.775
2025-05-23,NSN,2.551,2.749,2.888,1.841
2025-05-23,NTL,2.567,2.728,2.899,1.864
2025-05-23,OTA,2.505,2.671,2.844,1.804
2025-05-23,STL,2.559,2.708,2.886,1.857
2025-05-23,TAS,2.561,2.721,2.915,1.862
2025-05-23,TKI,2.529,2.696,2.853,1.806
2025-05-23,WGN,2.48,2.654,2.832,1.77
2025-05-23,WKO,2.481,2.649,2.83,1.803
2025-05-23,WTC,2.617,2.799,2.961,1.92
2025-05-30,AUK,2.444,2.638,2.802,1.761
2025-05-30,BOP,2.522,2.668,2.857,1.811
2025-05-30,CAN,2.49,2.648,2.81,1.782
2025-05-30,GIS,2.591,2.779,2.948,1.913
2025-05-30,HKB,2.549,2.718,2.875,1.825
2025-05-30,MBH,2.572,2.733,2.914,1.846
2025-05-30,MWT,2.51,2.664,2.829,1.795
2025-05-30,NSN,2.539,2.692,2.863,1.849
2025-05-30,NTL,2.543,2.72,2.893,1.858
2025-05-30,OTA,2.49,2.69,2.856,1.799
2025-05-30,STL,2.539,2.681,2.875,1.836
2025-05-30,TAS,2.556,2.728,2.9,1.839
2025-05-30,TKI,2.546,2.701,2.872,1.812
2025-05-30,WGN,2.463,2.647,2.815,1.779
2025-05-30,WKO,2.468,2.632,2.813,1.766
2025-05-30,WTC,2.617,2.809,2.959,1.926
2025-06-06,AUK,2.431,2.6,2.782,1.718
2025-06-06,BOP,2.493,2.667,2.84,1.788
2025-06-06,CAN,2.478,2.639,2.809,1.766
2025-06-06,GIS,2.599,2.757,2.946,1.895
2025-06-06,HKB,2.534,2.695,2.863,1.811
2025-06-06,MBH,2.538,2.721,2.888,1.843
2025-06-06,MWT,2.465,2.639,2.816,1.772
2025-06-06,NSN,2.536,2.702,2.871,1.833
2025-06-06,NTL,2.519,2.727,2.893,1.855
2025-06-06,OTA,2.496,2.652,2.83,1.774
2025-06-06,STL,2.513,2.684,2.862,1.787
2025-06-06,TAS,2.509,2.725,2.875,1.826
2025-06-06,TKI,2.495,2.682,2.857,1.815
2025-06-06,WGN,2.447,2.637,2.793,1.755
2025-06-06,WKO,2.495,2.647,2.82,1.752
2025-06-06,WTC,2.59,2.775,2.937,1.911
2025-06-13,AUK,2.432,2.591,2.762,1.711
2025-06-13,BOP,2.482,2.653,2.831,1.78
2025-06-13,CAN,2.478,2.654,2.81,1.759
2025-06-13,GIS,2.621,2.764,2.935,1.872
2025-06-13,HKB,2.516,2.684,2.85,1.823
2025-06-13,MBH,2.553,2.695,2.889,1.855
2025-06-13,MWT,2.458,2.664,2.811,1.772
2025-06-13,NSN,2.512,2.702,2.86,1.819
2025-06-13,NTL,2.53,2.72,2.894,1.824
2025-06-13,OTA,2.495,2.684,2.831,1.781
2025-06-13,STL,2.51,2.692,2.876,1.798
2025-06-13,TAS,2.532,2.682,2.875,1.813
2025-06-13,TKI,2.518,2.69,2.837,1.82
2025-06-13,WGN,2.449,2.625,2.786,1.746
2025-06-13,WKO,2.461,2.639,2.814,1.762
2025-06-13,WTC,2.609,2.782,2.935,1.895
2025-06-20,AUK,2.459,2.609,2.783,1.751
2025-06-20,BOP,2.505,2.696,2.849,1.799
2025-06-20,CAN,2.485,2.662,2.814,1.788
2025-06-20,GIS,2.614,2.767,2.96,1.92
2025-06-20,HKB,2.514,2.721,2.906,1.846
2025-06-20,MBH,2.564,2.741,2.91,1.865
2025-06-20,MWT,2.51,2.674,2.826,1.789
2025-06-20,NSN,2.533,2.714,2.884,1.848
2025-06-20,NTL,2.558,2.73,2.901,1.844
2025-06-20,OTA,2.498,2.666,2.842,1.787
2025-06-20,STL,2.546,2.72,2.894,1.837
2025-06-20,TAS,2.566,2.751,2.9,1.845
2025-06-20,TKI,2.514,2.699,2.871,1.82
2025-06-20,WGN,2.459,2.643,2.837,1.75
2025-06-20,WKO,2.489,2.675,2.829,1.757
2025-06-20,WTC,2.643,2.792,2.986,1.905
2025-06-27,AUK,2.486,2.671,2.831,1.778
2025-06-27,BOP,2.558,2.713,2.918,1.834
2025-06-27,CAN,2.534,2.693,2.876,1.794
2025-06-27,GIS,2.647,2.829,2.976,1.928
2025-06-27,HKB,2.58,2.765,2.904,1.9
2025-06-27,MBH,2.628,2.791,2.958,1.898
2025-06-27,MWT,2.54,2.739,2.877,1.845
2025-06-27,NSN,2.584,2.762,2.933,1.886
2025-06-27,NTL,2.586,2.791,2.928,1.907
2025-06-27,OTA,2.568,2.709,2.901,1.847
2025-06-27,STL,2.567,2.753,2.915,1.881
2025-06-27,TAS,2.616,2.763,2.949,1.881
2025-06-27,TKI,2.552,2.751,2.907,1.874
2025-06-27,WGN,2.512,2.689,2.868,1.797
2025-06-27,WKO,2.517,2.713,2.834,1.815
2025-06-27,WTC,2.673,2.837,3.026,1.952
2025-07-04,AUK,2.49,2.652,2.829,1.796
2025-07-04,BOP,2.547,2.735,2.888,1.837
2025-07-04,CAN,2.539,2.696,2.886,1.848
2025-07-04,GIS,2.657,2.821,2.998,1.962
2025-07-04,HKB,2.58,2.717,2.919,1.896
2025-07-04,MBH,2.62,2.808,2.932,1.914
2025-07-04,MWT,2.541,2.717,2.889,1.84
2025-07-04,NSN,2.592,2.767,2.923,1.891
2025-07-04,NTL,2.63,2.798,2.934,1.9
2025-07-04,OTA,2.543,2.707,2.879,1.84
2025-07-04,STL,2.572,2.756,2.915,1.898
2025-07-04,TAS,2.638,2.769,2.934,1.919
2025-07-04,TKI,2.569,2.742,2.916,1.878
2025-07-04,WGN,2.528,2.675,2.834,1.819
2025-07-04,WKO,2.539,2.691,2.863,1.866
2025-07-04,WTC,2.662,2.845,3.004,1.948
2025-07-11,AUK,2.477,2.658,2.803,1.777
2025-07-11,BOP,2.533,2.721,2.896,1.84
2025-07-11,CAN,2.561,2.677,2.867,1.833
2025-07-11,GIS,2.644,2.816,2.979,1.931
2025-07-11,HKB,2.564,2.708,2.9,1.884
2025-07-11,MBH,2.596,2.773,2.925,1.911
2025-07-11,MWT,2.527,2.706,2.874,1.808
2025-07-11,NSN,2.593,2.764,2.926,1.908
2025-07-11,NTL,2.593,2.787,2.913,1.889
2025-07-11,OTA,2.568,2.686,2.858,1.86
2025-07-11,STL,2.569,2.721,2.906,1.895
2025-07-11,TAS,2.591,2.776,2.935,1.888
2025-07-11,TKI,2.57,2.731,2.92,1.882
2025-07-11,WGN,2.514,2.671,2.86,1.821
2025-07-11,WKO,2.537,2.693,2.845,1.831
2025-07-11,WTC,2.665,2.833,2.99,1.946
2025-07-18,AUK,2.48,2.658,2.804,1.808
2025-07-18,BOP,2.533,2.718,2.872,1.86
2025-07-18,CAN,2.513,2.699,2.855,1.845
2025-07-18,GIS,2.648,2.804,2.969,1.941
2025-07-18,HKB,2.598,2.743,2.903,1.889
2025-07-18,MBH,2.612,2.782,2.933,1.905
2025-07-18,MWT,2.553,2.68,2.883,1.835
2025-07-18,NSN,2.595,2.739,2.899,1.893
2025-07-18,NTL,2.568,2.773,2.905,1.885
2025-07-18,OTA,2.522,2.688,2.862,1.85
2025-07-18,STL,2.547,2.744,2.888,1.876
2025-07-18,TAS,2.574,2.747,2.928,1.912
2025-07-18,TKI,2.548,2.702,2.872,1.875
2025-07-18,WGN,2.516,2.659,2.846,1.82
2025-07-18,WKO,2.529,2.701,2.846,1.823
2025-07-18,WTC,2.659,2.844,2.981,1.967
2025-07-25,AUK,2.467,2.643,2.835,1.785
2025-07-25,BOP,2.527,2.697,2.877,1.876
2025-07-25,CAN,2.534,2.677,2.861,1.843
2025-07-25,GIS,2.632,2.793,2.988,1.917
2025-07-25,HKB,2.594,2.728,2.894,1.878
2025-07-25,MBH,2.602,2.782,2.936,1.915
2025-07-25,MWT,2.534,2.685,2.854,1.826
2025-07-25,NSN,2.57,2.727,2.927,1.89
2025-07-25,NTL,2.603,2.76,2.937,1.889
2025-07-25,OTA,2.555,2.703,2.891,1.867
2025-07-25,STL,2.559,2.723,2.915,1.866
2025-07-25,TAS,2.613,2.755,2.916,1.886
2025-07-25,TKI,2.559,2.73,2.895,1.879
2025-07-25,WGN,2.491,2.683,2.844,1.823
2025-07-25,WKO,2.515,2.69,2.874,1.827
2025-07-25,WTC,2.67,2.824,3.001,1.968
2025-08-01,AUK,2.47,2.647,2.808,1.779
2025-08-01,BOP,2.535,2.701,2.875,1.874
2025-08-01,CAN,2.541,2.701,2.852,1.825
2025-08-01,GIS,2.661,2.797,2.987,1.969
2025-08-01,HKB,2.581,2.739,2.936,1.904
2025-08-01,MBH,2.602,2.75,2.938,1.897
2025-08-01,MWT,2.525,2.712,2.865,1.833
2025-08-01,NSN,2.585,2.775,2.93,1.902
2025-08-01,NTL,2.592,2.748,2.922,1.885
2025-08-01,OTA,2.561,2.708,2.879,1.841
2025-08-01,STL,2.573,2.736,2.901,1.911
2025-08-01,TAS,2.578,2.773,2.949,1.913
2025-08-01,TKI,2.56,2.716,2.897,1.872
2025-08-01,WGN,2.501,2.691,2.863,1.819
2025-08-01,WKO,2.529,2.679,2.858,1.835
2025-08-01,WTC,2.695,2.825,2.995,1.984
2025-08-08,AUK,2.506,2.655,2.809,1.808
2025-08-08,BOP,2.544,2.714,2.901,1.855
2025-08-08,CAN,2.511,2.686,2.829,1.82
2025-08-08,GIS,2.626,2.798,2.998,1.975
2025-08-08,HKB,2.585,2.72,2.911,1.885
2025-08-08,MBH,2.611,2.765,2.938,1.902
2025-08-08,MWT,2.512,2.681,2.865,1.861
2025-08-08,NSN,2.584,2.745,2.913,1.906
2025-08-08,NTL,2.581,2.772,2.904,1.914
2025-08-08,OTA,2.546,2.694,2.858,1.851
2025-08-08,STL,2.572,2.725,2.901,1.879
2025-08-08,TAS,2.59,2.76,2.921,1.926
2025-08-08,TKI,2.566,2.756,2.885,1.88
2025-08-08,WGN,2.499,2.675,2.834,1.837
2025-08-08,WKO,2.521,2.677,2.874,1.828
2025-08-08,WTC,2.658,2.819,2.999,1.98
2025-08-15,AUK,2.449,2.638,2.834,1.778
2025-08-15,BOP,2.54,2.697,2.861,1.857
2025-08-15,CAN,2.505,2.671,2.821,1.829
2025-08-15,GIS,2.623,2.813,2.959,1.945
2025-08-15,HKB,2.566,2.737,2.919,1.883
2025-08-15,MBH,2.593,2.76,2.916,1.904
2025-08-15,MWT,2.5,2.693,2.85,1.835
2025-08-15,NSN,2.569,2.739,2.893,1.883
2025-08-15,NTL,2.579,2.727,2.911,1.894
2025-08-15,OTA,2.533,2.693,2.863,1.863
2025-08-15,STL,2.557,2.723,2.884,1.866
2025-08-15,TAS,2.564,2.733,2.923,1.887
2025-08-15,TKI,2.553,2.699,2.857,1.841
2025-08-15,WGN,2.502,2.644,2.837,1.809
2025-08-15,WKO,2.5,2.691,2.815,1.843
2025-08-15,WTC,2.646,2.824,2.964,1.97
2025-08-22,AUK,2.449,2.623,2.803,1.783
2025-08-22,BOP,2.516,2.669,2.874,1.827
2025-08-22,CAN,2.522,2.629,2.834,1.83
2025-08-22,GIS,2.607,2.768,2.928,1.935
2025-08-22,HKB,2.543,2.693,2.894,1.895
2025-08-22,MBH,2.586,2.75,2.9,1.898
2025-08-22,MWT,2.527,2.662,2.842,1.838
2025-08-22,NSN,2.566,2.736,2.889,1.869
2025-08-22,NTL,2.552,2.713,2.931,1.883
2025-08-22,OTA,2.522,2.654,2.885,1.839
2025-08-22,STL,2.553,2.711,2.89,1.845
2025-08-22,TAS,2.573,2.724,2.891,1.882
2025-08-22,TKI,2.54,2.685,2.848,1.847
2025-08-22,WGN,2.491,2.656,2.822,1.841
2025-08-22,WKO,2.478,2.654,2.851,1.828
2025-08-22,WTC,2.642,2.784,2.982,1.975
2025-08-29,AUK,2.482,2.628,2.806,1.787
2025-08-29,BOP,2.545,2.696,2.844,1.828
2025-08-29,CAN,2.521,2.671,2.833,1.823
2025-08-29,GIS,2.626,2.801,2.976,1.944
2025-08-29,HKB,2.561,2.708,2.889,1.869
2025-08-29,MBH,2.575,2.76,2.927,1.903
2025-08-29,MWT,2.515,2.652,2.837,1.828
2025-08-29,NSN,2.574,2.731,2.909,1.883
2025-08-29,NTL,2.573,2.712,2.883,1.889
2025-08-29,OTA,2.521,2.691,2.837,1.814
2025-08-29,STL,2.561,2.737,2.877,1.856
2025-08-29,TAS,2.574,2.738,2.909,1.908
2025-08-29,TKI,2.554,2.709,2.863,1.875
2025-08-29,WGN,2.479,2.666,2.837,1.806
2025-08-29,WKO,2.49,2.662,2.835,1.826
2025-08-29,WTC,2.645,2.822,2.976,1.949
2025-09-05,AUK,2.457,2.629,2.802,1.778
2025-09-05,BOP,2.521,2.716,2.871,1.853
2025-09-05,CAN,2.532,2.688,2.831,1.826
2025-09-05,GIS,2.63,2.799,2.954,1.969
2025-09-05,HKB,2.573,2.733,2.891,1.881
2025-09-05,MBH,2.6,2.778,2.925,1.917
2025-09-05,MWT,2.525,2.691,2.869,1.858
2025-09-05,NSN,2.591,2.735,2.907,1.903
2025-09-05,NTL,2.606,2.753,2.922,1.915
2025-09-05,OTA,2.523,2.685,2.87,1.87
2025-09-05,STL,2.544,2.71,2.9,1.858
2025-09-05,TAS,2.575,2.735,2.933,1.908
2025-09-05,TKI,2.577,2.718,2.878,1.859
2025-09-05,WGN,2.512,2.63,2.85,1.833
2025-09-05,WKO,2.531,2.667,2.851,1.835
2025-09-05,WTC,2.648,2.824,2.997,1.963
2025-09-12,AUK,2.487,2.63,2.817,1.802
2025-09-12,BOP,2.528,2.71,2.873,1.863
2025-09-12,CAN,2.53,2.68,2.844,1.826
2025-09-12,GIS,2.638,2.796,2.981,1.969
2025-09-12,HKB,2.579,2.725,2.903,1.883
2025-09-12,MBH,2.627,2.773,2.907,1.921
2025-09-12,MWT,2.525,2.691,2.867,1.847
2025-09-12,NSN,2.603,2.752,2.905,1.906
2025-09-12,NTL,2.577,2.749,2.932,1.923
2025-09-12,OTA,2.547,2.684,2.892,1.857
2025-09-12,STL,2.552,2.742,2.892,1.904
2025-09-12,TAS,2.581,2.758,2.91,1.936
2025-09-12,TKI,2.573,2.715,2.892,1.883
2025-09-12,WGN,2.518,2.648,2.867,1.85
2025-09-12,WKO,2.523,2.676,2.862,1.838
2025-09-12,WTC,2.682,2.832,2.991,1.978
2025-09-19,AUK,2.482,2.621,2.839,1.8
2025-09-19,BOP,2.538,2.69,2.874,1.864
2025-09-19,CAN,2.527,2.69,2.845,1.854
2025-09-19,GIS,2.648,2.809,2.982,1.979
2025-09-19,HKB,2.571,2.711,2.91,1.892
2025-09-19,MBH,2.626,2.733,2.913,1.918
2025-09-19,MWT,2.56,2.701,2.883,1.862
2025-09-19,NSN,2.583,2.74,2.917,1.918
2025-09-19,NTL,2.592,2.738,2.934,1.91
2025-09-19,OTA,2.547,2.699,2.899,1.862
2025-09-19,STL,2.592,2.745,2.918,1.889
2025-09-19,TAS,2.591,2.739,2.912,1.913
2025-09-19,TKI,2.58,2.73,2.888,1.895
2025-09-19,WGN,2.514,2.676,2.856,1.855
2025-09-19,WKO,2.516,2.678,2.832,1.866
2025-09-19,WTC,2.687,2.829,2.996,1.986
2025-09-26,AUK,2.492,2.652,2.804,1.798
2025-09-26,BOP,2.561,2.709,2.854,1.87
2025-09-26,CAN,2.516,2.694,2.864,1.843
2025-09-26,GIS,2.652,2.802,2.988,1.988
2025-09-26,HKB,2.564,2.733,2.89,1.914
2025-09-26,MBH,2.613,2.768,2.936,1.931
2025-09-26,MWT,2.54,2.689,2.886,1.855
2025-09-26,NSN,2.595,2.735,2.904,1.905
2025-09-26,NTL,2.622,2.776,2.894,1.906
2025-09-26,OTA,2.556,2.737,2.895,1.878
2025-09-26,STL,2.575,2.727,2.914,1.889
2025-09-26,TAS,2.579,2.744,2.931,1.913
2025-09-26,TKI,2.565,2.735,2.89,1.911
2025-09-26,WGN,2.506,2.647,2.824,1.836
2025-09-26,WKO,2.506,2.668,2.848,1.844
2025-09-26,WTC,2.668,2.823,2.997,1.995
2025-10-03,AUK,2.534,2.63,2.824,1.815
2025-10-03,BOP,2.561,2.736,2.864,1.883
2025-10-03,CAN,2.537,2.692,2.861,1.868
2025-10-03,GIS,2.649,2.801,2.976,1.986
2025-10-03,HKB,2.591,2.706,2.913,1.906
2025-10-03,MBH,2.632,2.784,2.95,1.959
2025-10-03,MWT,2.552,2.675,2.87,1.889
2025-10-03,NSN,2.628,2.752,2.904,1.972
2025-10-03,NTL,2.613,2.763,2.919,1.922
2025-10-03,OTA,2.58,2.73,2.872,1.877
2025-10-03,STL,2.578,2.742,2.91,1.928
2025-10-03,TAS,2.612,2.768,2.912,1.928
2025-10-03,TKI,2.579,2.707,2.915,1.903
2025-10-03,WGN,2.524,2.656,2.861,1.858
2025-10-03,WKO,2.567,2.674,2.861,1.856
2025-10-03,WTC,2.669,2.821,2.987,2.008
2025-10-10,AUK,2.521,2.666,2.824,1.828
2025-10-10,BOP,2.588,2.708,2.881,1.901
2025-10-10,CAN,2.548,2.689,2.852,1.868
2025-10-10,GIS,2.68,2.808,2.95,2.003
2025-10-10,HKB,2.614,2.736,2.922,1.93
2025-10-10,MBH,2.623,2.763,2.951,1.958
2025-10-10,MWT,2.571,2.688,2.851,1.894
2025-10-10,NSN,2.625,2.756,2.9,1.929
2025-10-10,NTL,2.635,2.777,2.938,1.942
2025-10-10,OTA,2.583,2.711,2.878,1.889
2025-10-10,STL,2.601,2.717,2.903,1.942
2025-10-10,TAS,2.644,2.74,2.927,1.968
2025-10-10,TKI,2.576,2.715,2.912,1.912
2025-10-10,WGN,2.545,2.651,2.846,1.872
2025-10-10,WKO,2.556,2.683,2.878,1.871
2025-10-10,WTC,2.709,2.828,3.002,2.016
2025-10-17,AUK,2.518,2.659,2.816,1.866
2025-10-17,BOP,2.579,2.702,2.874,1.886
2025-10-17,CAN,2.56,2.69,2.861,1.86
2025-10-17,GIS,2.687,2.809,2.981,1.985
2025-10-17,HKB,2.608,2.723,2.903,1.906
2025-10-17,MBH,2.643,2.776,2.918,1.965
2025-10-17,MWT,2.55,2.702,2.85,1.893
2025-10-17,NSN,2.611,2.741,2.901,1.932
2025-10-17,NTL,2.627,2.767,2.916,1.907
2025-10-17,OTA,2.58,2.725,2.904,1.887
2025-10-17,STL,2.608,2.748,2.875,1.922
2025-10-17,TAS,2.629,2.757,2.943,1.936
2025-10-17,TKI,2.62,2.731,2.879,1.917
2025-10-17,WGN,2.526,2.658,2.827,1.854
2025-10-17,WKO,2.552,2.697,2.865,1.883
2025-10-17,WTC,2.703,2.822,3.005,2.022
2025-10-24,AUK,2.527,2.649,2.81,1.845
2025-10-24,BOP,2.567,2.707,2.88,1.888
2025-10-24,CAN,2.568,2.703,2.861,1.873
2025-10-24,GIS,2.679,2.821,2.962,2.004
2025-10-24,HKB,2.621,2.737,2.896,1.945
2025-10-24,MBH,2.649,2.787,2.918,1.968
2025-10-24,MWT,2.569,2.681,2.876,1.891
2025-10-24,NSN,2.606,2.739,2.906,1.932
2025-10-24,NTL,2.619,2.748,2.951,1.948
2025-10-24,OTA,2.56,2.715,2.898,1.891
2025-10-24,STL,2.593,2.762,2.912,1.934
2025-10-24,TAS,2.619,2.755,2.916,1.959
2025-10-24,TKI,2.608,2.732,2.899,1.905
2025-10-24,WGN,2.562,2.661,2.874,1.865
2025-10-24,WKO,2.574,2.695,2.855,1.893
2025-10-24,WTC,2.712,2.832,3.02,2.011
2025-10-31,AUK,2.508,2.647,2.827,1.826
2025-10-31,BOP,2.576,2.71,2.867,1.903
2025-10-31,CAN,2.556,2.679,2.861,1.871
2025-10-31,GIS,2.686,2.83,2.973,2.008
2025-10-31,HKB,2.62,2.72,2.913,1.932
2025-10-31,MBH,2.654,2.795,2.942,1.954
2025-10-31,MWT,2.577,2.689,2.864,1.885
2025-10-31,NSN,2.635,2.77,2.92,1.948
2025-10-31,NTL,2.645,2.758,2.941,1.946
2025-10-31,OTA,2.607,2.702,2.891,1.896
2025-10-31,STL,2.587,2.753,2.896,1.939
2025-10-31,TAS,2.636,2.77,2.935,1.942
2025-10-31,TKI,2.594,2.716,2.884,1.904
2025-10-31,WGN,2.555,2.674,2.859,1.87
2025-10-31,WKO,2.57,2.701,2.862,1.892
2025-10-31,WTC,2.679,2.834,3.021,2.029
2025-11-07,AUK,2.552,2.685,2.836,1.865
2025-11-07,BOP,2.59,2.76,2.895,1.911
2025-11-07,CAN,2.576,2.681,2.892,1.901
2025-11-07,GIS,2.687,2.824,2.995,2.018
2025-11-07,HKB,2.59,2.772,2.952,1.953
2025-11-07,MBH,2.637,2.798,2.97,1.97
2025-11-07,MWT,2.596,2.717,2.895,1.895
2025-11-07,NSN,2.624,2.776,2.932,1.947
2025-11-07,NTL,2.637,2.761,2.948,1.977
2025-11-07,OTA,2.604,2.714,2.892,1.907
2025-11-07,STL,2.63,2.758,2.919,1.938
2025-11-07,TAS,2.638,2.784,2.95,1.968
2025-11-07,TKI,2.595,2.756,2.914,1.939
2025-11-07,WGN,2.565,2.709,2.852,1.883
2025-11-07,WKO,2.591,2.703,2.874,1.897
2025-11-07,WTC,2.725,2.839,3.011,2.063
2025-11-14,AUK,2.549,2.687,2.867,1.854
2025-11-14,BOP,2.594,2.738,2.907,1.943
2025-11-14,CAN,2.58,2.727,2.89,1.925
2025-11-14,GIS,2.71,2.845,3.002,2.012
2025-11-14,HKB,2.64,2.774,2.939,1.966
2025-11-14,MBH,2.653,2.794,2.984,1.991
2025-11-14,MWT,2.6,2.724,2.903,1.944
2025-11-14,NSN,2.64,2.775,2.965,1.977
2025-11-14,NTL,2.66,2.818,2.946,1.985
2025-11-14,OTA,2.59,2.736,2.88,1.961
2025-11-14,STL,2.626,2.792,2.924,1.959
2025-11-14,TAS,2.667,2.795,2.957,1.981
2025-11-14,TKI,2.612,2.775,2.936,1.945
2025-11-14,WGN,2.585,2.704,2.886,1.918
2025-11-14,WKO,2.599,2.699,2.885,1.894
2025-11-14,WTC,2.724,2.839,3.022,2.066
2025-11-21,AUK,2.568,2.685,2.868,1.897
2025-11-21,BOP,2.611,2.756,2.91,1.948
2025-11-21,CAN,2.596,2.722,2.892,1.935
2025-11-21,GIS,2.726,2.85,3.031,2.043
2025-11-21,HKB,2.657,2.783,2.954,1.977
2025-11-21,MBH,2.686,2.814,2.986,2.018
2025-11-21,MWT,2.621,2.744,2.933,1.943
2025-11-21,NSN,2.659,2.772,2.985,2.007
2025-11-21,NTL,2.679,2.815,2.984,2.009
2025-11-21,OTA,2.612,2.744,2.928,1.961
2025-11-21,STL,2.661,2.781,2.977,1.995
2025-11-21,TAS,2.679,2.79,2.999,2.002
2025-11-21,TKI,2.648,2.797,2.937,1.975
2025-11-21,WGN,2.615,2.712,2.907,1.922
2025-11-21,WKO,2.592,2.736,2.909,1.935
2025-11-21,WTC,2.757,2.888,3.059,2.079
2025-11-28,AUK,2.575,2.7,2.874,1.917
2025-11-28,BOP,2.634,2.767,2.929,1.954
2025-11-28,CAN,2.615,2.745,2.899,1.961
2025-11-28,GIS,2.749,2.891,3.041,2.067
2025-11-28,HKB,2.669,2.787,2.969,1.986
2025-11-28,MBH,2.705,2.835,3.001,2.02
2025-11-28,MWT,2.627,2.741,2.923,1.942
2025-11-28,NSN,2.687,2.804,2.973,2.006
2025-11-28,NTL,2.707,2.82,2.974,2.018
2025-11-28,OTA,2.646,2.764,2.925,1.97
2025-11-28,STL,2.673,2.806,2.983,2.013
2025-11-28,TAS,2.699,2.819,2.982,2.013
2025-11-28,TKI,2.665,2.763,2.962,2.004
2025-11-28,WGN,2.603,2.717,2.91,1.939
2025-11-28,WKO,2.645,2.755,2.905,1.96
2025-11-28,WTC,2.745,2.874,3.062,2.08
2025-12-05,AUK,2.559,2.72,2.881,1.907
2025-12-05,BOP,2.634,2.747,2.917,1.941
2025-12-05,CAN,2.606,2.751,2.92,1.952
2025-12-05,GIS,2.766,2.878,3.005,2.069
2025-12-05,HKB,2.652,2.785,2.958,1.999
2025-12-05,MBH,2.696,2.821,2.994,2.024
2025-12-05,MWT,2.638,2.741,2.907,1.951
2025-12-05,NSN,2.675,2.794,2.969,2.011
2025-12-05,NTL,2.658,2.813,2.998,2.012
2025-12-05,OTA,2.634,2.762,2.927,1.957
2025-12-05,STL,2.675,2.783,2.945,1.996
2025-12-05,TAS,2.707,2.783,2.977,2.015
2025-12-05,TKI,2.665,2.783,2.945,1.973
2025-12-05,WGN,2.631,2.742,2.904,1.912
2025-12-05,WKO,2.613,2.747,2.917,1.922
2025-12-05,WTC,2.76,2.883,3.032,2.09
2025-12-12,AUK,2.596,2.69,2.867,1.919
2025-12-12,BOP,2.628,2.763,2.939,1.957
2025-12-12,CAN,2.619,2.749,2.92,1.942
2025-12-12,GIS,2.743,2.891,3.043,2.044
2025-12-12,HKB,2.673,2.782,2.984,1.991
2025-12-12,MBH,2.693,2.84,2.981,2.007
2025-12-12,MWT,2.615,2.735,2.911,1.92
2025-12-12,NSN,2.688,2.818,2.989,2.004
2025-12-12,NTL,2.702,2.832,2.967,2.017
2025-12-12,OTA,2.619,2.747,2.953,1.945
2025-12-12,STL,2.671,2.796,2.976,1.978
2025-12-12,TAS,2.682,2.823,2.992,1.997
2025-12-12,TKI,2.652,2.786,2.934,1.989
2025-12-12,WGN,2.619,2.748,2.922,1.903
2025-12-12,WKO,2.608,2.743,2.901,1.953
2025-12-12,WTC,2.747,2.885,3.027,2.074
2025-12-19,AUK,2.573,2.677,2.88,1.877
2025-12-19,BOP,2.631,2.74,2.944,1.937
2025-12-19,CAN,2.607,2.748,2.906,1.932
2025-12-19,GIS,2.719,2.847,3.029,2.056
2025-12-19,HKB,2.664,2.773,2.943,1.991
2025-12-19,MBH,2.665,2.809,3.0,2.024
2025-12-19,MWT,2.625,2.725,2.947,1.954
2025-12-19,NSN,2.671,2.807,2.98,1.997
2025-12-19,NTL,2.676,2.8,2.979,2.008
2025-12-19,OTA,2.627,2.756,2.896,1.927
2025-12-19,STL,2.656,2.773,2.956,1.977
2025-12-19,TAS,2.677,2.811,2.97,2.0
2025-12-19,TKI,2.635,2.78,2.961,1.966
2025-12-19,WGN,2.629,2.746,2.896,1.922
2025-12-19,WKO,2.616,2.722,2.925,1.942
2025-12-19,WTC,2.753,2.886,3.034,2.084
2025-12-26,AUK,2.545,2.67,2.859,1.864
2025-12-26,BOP,2.611,2.738,2.943,1.94
2025-12-26,CAN,2.603,2.704,2.89,1.928
2025-12-26,GIS,2.701,2.829,2.991,2.021
2025-12-26,HKB,2.642,2.776,2.958,1.962
2025-12-26,MBH,2.68,2.809,2.975,1.989
2025-12-26,MWT,2.608,2.738,2.88,1.938
2025-12-26,NSN,2.664,2.771,2.96,1.979
2025-12-26,NTL,2.675,2.801,2.963,1.992
2025-12-26,OTA,2.61,2.741,2.92,1.942
2025-12-26,STL,2.645,2.778,2.935,1.961
2025-12-26,TAS,2.663,2.767,2.946,1.985
2025-12-26,TKI,2.631,2.772,2.932,1.953
2025-12-26,WGN,2.572,2.705,2.895,1.892
2025-12-26,WKO,2.603,2.728,2.925,1.902
2025-12-26,WTC,2.74,2.865,3.01,2.038
2026-01-02,AUK,2.544,2.661,2.829,1.854
2026-01-02,BOP,2.594,2.718,2.906,1.919
2026-01-02,CAN,2.563,2.703,2.884,1.895
2026-01-02,GIS,2.682,2.819,2.995,2.03
2026-01-02,HKB,2.628,2.757,2.916,1.957
2026-01-02,MBH,2.659,2.792,2.946,1.978
2026-01-02,MWT,2.591,2.712,2.901,1.914
2026-01-02,NSN,2.632,2.774,2.958,1.955
2026-01-02,NTL,2.64,2.764,2.958,1.948
2026-01-02,OTA,2.608,2.718,2.897,1.913
2026-01-02,STL,2.618,2.764,2.921,1.93
2026-01-02,TAS,2.665,2.78,2.95,1.974
2026-01-02,TKI,2.631,2.747,2.917,1.93
2026-01-02,WGN,2.577,2.705,2.854,1.888
2026-01-02,WKO,2.558,2.71,2.898,1.89
2026-01-02,WTC,2.698,2.849,3.012,2.039
2026-01-09,AUK,2.51,2.649,2.822,1.865
2026-01-09,BOP,2.586,2.737,2.887,1.913
2026-01-09,CAN,2.574,2.689,2.88,1.873
2026-01-09,GIS,2.672,2.805,2.972,1.997
2026-01-09,HKB,2.616,2.73,2.904,1.935
2026-01-09,MBH,2.634,2.77,2.93,1.967
2026-01-09,MWT,2.564,2.715,2.87,1.889
2026-01-09,NSN,2.635,2.742,2.934,1.945
2026-01-09,NTL,2.634,2.802,2.943,1.969
2026-01-09,OTA,2.595,2.721,2.901,1.907
2026-01-09,STL,2.603,2.757,2.915,1.918
2026-01-09,TAS,2.643,2.789,2.944,1.972
2026-01-09,TKI,2.603,2.717,2.88,1.929
2026-01-09,WGN,2.545,2.697,2.846,1.875
2026-01-09,WKO,2.557,2.699,2.863,1.872
2026-01-09,WTC,2.709,2.827,3.002,2.048
2026-01-16,AUK,2.513,2.616,2.834,1.851
2026-01-16,BOP,2.571,2.722,2.878,1.892
2026-01-16,CAN,2.551,2.658,2.848,1.866
2026-01-16,GIS,2.651,2.808,2.958,1.984
2026-01-16,HKB,2.564,2.74,2.897,1.911
2026-01-16,MBH,2.64,2.749,2.913,1.951
2026-01-16,MWT,2.547,2.684,2.855,1.895
2026-01-16,NSN,2.609,2.721,2.892,1.935
2026-01-16,NTL,2.602,2.761,2.908,1.933
2026-01-16,OTA,2.559,2.697,2.878,1.893
2026-01-16,STL,2.598,2.71,2.882,1.928
2026-01-16,TAS,2.619,2.737,2.93,1.951
2026-01-16,TKI,2.58,2.732,2.897,1.899
2026-01-16,WGN,2.519,2.652,2.832,1.849
2026-01-16,WKO,2.538,2.687,2.833,1.856
2026-01-16,WTC,2.686,2.819,2.994,2.007
2026-01-23,AUK,2.505,2.6,2.779,1.83
2026-01-23,BOP,2.548,2.684,2.852,1.881
2026-01-23,CAN,2.516,2.659,2.823,1.867
2026-01-23,GIS,2.644,2.805,2.964,1.982
2026-01-23,HKB,2.568,2.733,2.878,1.908
2026-01-23,MBH,2.61,2.727,2.922,1.946
2026-01-23,MWT,2.532,2.667,2.847,1.854
2026-01-23,NSN,2.592,2.726,2.898,1.934
2026-01-23,NTL,2.606,2.743,2.897,1.908
2026-01-23,OTA,2.549,2.675,2.865,1.889
2026-01-23,STL,2.599,2.693,2.847,1.904
2026-01-23,TAS,2.593,2.727,2.904,1.916
2026-01-23,TKI,2.569,2.691,2.874,1.893
2026-01-23,WGN,2.524,2.674,2.825,1.865
2026-01-23,WKO,2.524,2.665,2.854,1.861
2026-01-23,WTC,2.652,2.816,2.971,2.001
2026-01-30,AUK,2.478,2.597,2.774,1.835
2026-01-30,BOP,2.549,2.663,2.823,1.876
2026-01-30,CAN,2.519,2.66,2.828,1.839
2026-01-30,GIS,2.64,2.772,2.923,1.966
2026-01-30,HKB,2.598,2.681,2.877,1.893
2026-01-30,MBH,2.611,2.731,2.903,1.928
2026-01-30,MWT,2.552,2.654,2.847,1.83
2026-01-30,NSN,2.596,2.726,2.867,1.907
2026-01-30,NTL,2.584,2.72,2.92,1.936
2026-01-30,OTA,2.531,2.65,2.819,1.863
2026-01-30,STL,2.591,2.708,2.851,1.918
2026-01-30,TAS,2.59,2.735,2.871,1.932
2026-01-30,TKI,2.583,2.694,2.868,1.914
2026-01-30,WGN,2.54,2.675,2.8,1.86
2026-01-30,WKO,2.515,2.635,2.81,1.866
2026-01-30,WTC,2.664,2.784,2.955,1.981
2026-02-06,AUK,2.485,2.607,2.779,1.84
2026-02-06,BOP,2.554,2.644,2.837,1.845
2026-02-06,CAN,2.528,2.63,2.804,1.836
2026-02-06,GIS,2.637,2.774,2.924,1.965
2026-02-06,HKB,2.58,2.687,2.87,1.894
2026-02-06,MBH,2.576,2.713,2.91,1.908
2026-02-06,MWT,2.53,2.628,2.828,1.86
2026-02-06,NSN,2.581,2.706,2.871,1.894
2026-02-06,NTL,2.589,2.715,2.865,1.945
2026-02-06,OTA,2.538,2.678,2.827,1.865
2026-02-06,STL,2.572,2.693,2.849,1.905
2026-02-06,TAS,2.604,2.705,2.859,1.919
2026-02-06,TKI,2.554,2.688,2.86,1.897
2026-02-06,WGN,2.491,2.627,2.8,1.823
2026-02-06,WKO,2.529,2.644,2.813,1.849
2026-02-06,WTC,2.645,2.802,2.959,2.002
2026-02-13,AUK,2.485,2.603,2.785,1.794
2026-02-13,BOP,2.53,2.664,2.82,1.876
2026-02-13,CAN,2.519,2.658,2.816,1.844
2026-02-13,GIS,2.625,2.74,2.927,1.959
2026-02-13,HKB,2.57,2.683,2.864,1.879
2026-02-13,MBH,2.593,2.709,2.891,1.924
2026-02-13,MWT,2.519,2.65,2.813,1.867
2026-02-13,NSN,2.591,2.711,2.869,1.899
2026-02-13,NTL,2.579,2.692,2.853,1.909
2026-02-13,OTA,2.512,2.68,2.826,1.864
2026-02-13,STL,2.568,2.705,2.845,1.888
2026-02-13,TAS,2.572,2.702,2.873,1.924
2026-02-13,TKI,2.564,2.687,2.843,1.895
2026-02-13,WGN,2.495,2.607,2.786,1.847
2026-02-13,WKO,2.519,2.658,2.799,1.826
2026-02-13,WTC,2.672,2.794,2.967,1.986
2026-02-20,AUK,2.477,2.594,2.778,1.802
2026-02-20,BOP,2.525,2.667,2.815,1.884
2026-02-20,CAN,2.502,2.649,2.789,1.846
2026-02-20,GIS,2.625,2.763,2.93,1.948
2026-02-20,HKB,2.552,2.676,2.866,1.91
2026-02-20,MBH,2.594,2.711,2.86,1.917
2026-02-20,MWT,2.525,2.64,2.796,1.856
2026-02-20,NSN,2.561,2.688,2.864,1.888
2026-02-20,NTL,2.589,2.7,2.894,1.885
2026-02-20,OTA,2.527,2.645,2.833,1.855
2026-02-20,STL,2.543,2.688,2.852,1.895
2026-02-20,TAS,2.574,2.699,2.865,1.892
2026-02-20,TKI,2.536,2.662,2.834,1.893
2026-02-20,WGN,2.481,2.614,2.798,1.815
2026-02-20,WKO,2.506,2.643,2.795,1.844
2026-02-20,WTC,2.659,2.791,2.94,1.97
2026-02-27,AUK,2.479,2.581,2.774,1.814
2026-02-27,BOP,2.536,2.669,2.827,1.884
2026-02-27,CAN,2.521,2.625,2.831,1.84
2026-02-27,GIS,2.657,2.754,2.934,1.946
2026-02-27,HKB,2.568,2.69,2.87,1.879
2026-02-27,MBH,2.596,2.709,2.896,1.909
2026-02-27,MWT,2.521,2.625,2.797,1.852
2026-02-27,NSN,2.566,2.708,2.869,1.92
2026-02-27,NTL,2.582,2.693,2.884,1.932
2026-02-27,OTA,2.534,2.665,2.827,1.844
2026-02-27,STL,2.555,2.691,2.849,1.891
2026-02-27,TAS,2.593,2.716,2.883,1.932
2026-02-27,TKI,2.567,2.677,2.857,1.903
2026-02-27,WGN,2.498,2.59,2.807,1.822
2026-02-27,WKO,2.501,2.64,2.806,1.836
2026-02-27,WTC,2.653,2.779,2.965,1.984
2026-03-06,AUK,2.524,2.661,2.81,1.867
2026-03-06,BOP,2.564,2.708,2.898,1.946
2026-03-06,CAN,2.572,2.7,2.875,1.913
2026-03-06,GIS,2.688,2.82,2.984,2.028
2026-03-06,HKB,2.609,2.725,2.91,1.971
2026-03-06,MBH,2.646,2.777,2.952,2.005
2026-03-06,MWT,2.563,2.709,2.881,1.957
2026-03-06,NSN,2.622,2.761,2.923,1.992
2026-03-06,NTL,2.645,2.758,2.931,1.984
2026-03-06,OTA,2.576,2.705,2.879,1.939
2026-03-06,STL,2.621,2.731,2.914,1.991
2026-03-06,TAS,2.644,2.754,2.923,1.995
2026-03-06,TKI,2.595,2.741,2.904,1.969
2026-03-06,WGN,2.567,2.704,2.852,1.918
2026-03-06,WKO,2.574,2.699,2.846,1.916
2026-03-06,WTC,2.724,2.849,2.98,2.079
2026-03-13,AUK,2.772,2.862,3.071,2.296
2026-03-13,BOP,2.796,2.937,3.11,2.332
2026-03-13,CAN,2.816,2.919,3.078,2.313
2026-03-13,GIS,2.922,3.016,3.181,2.435
2026-03-13,HKB,2.846,2.978,3.127,2.374
2026-03-13,MBH,2.881,2.997,3.199,2.415
2026-03-13,MWT,2.803,2.919,3.123,2.349
2026-03-13,NSN,2.856,2.979,3.148,2.397
2026-03-13,NTL,2.88,2.979,3.164,2.381
2026-03-13,OTA,2.807,2.936,3.127,2.344
2026-03-13,STL,2.873,2.989,3.129,2.351
2026-03-13,TAS,2.884,2.995,3.163,2.395
2026-03-13,TKI,2.851,2.984,3.143,2.371
2026-03-13,WGN,2.801,2.912,3.066,2.342
2026-03-13,WKO,2.798,2.934,3.094,2.333
2026-03-13,WTC,2.936,3.053,3.235,2.459
2026-03-20,AUK,3.087,3.203,3.396,2.796
2026-03-20,BOP,3.133,3.249,3.458,2.866
2026-03-20,CAN,3.129,3.254,3.433,2.832
2026-03-20,GIS,3.237,3.374,3.55,2.959
2026-03-20,HKB,3.167,3.281,3.476,2.866
2026-03-20,MBH,3.225,3.34,3.496,2.891
2026-03-20,MWT,3.129,3.255,3.434,2.841
2026-03-20,NSN,3.187,3.307,3.505,2.919
2026-03-20,NTL,3.192,3.319,3.493,2.906
2026-03-20,OTA,3.134,3.287,3.437,2.861
2026-03-20,STL,3.167,3.307,3.483,2.895
2026-03-20,TAS,3.206,3.305,3.487,2.895
2026-03-20,TKI,3.148,3.299,3.468,2.877
2026-03-20,WGN,3.143,3.229,3.408,2.835
2026-03-20,WKO,3.133,3.247,3.435,2.853
2026-03-20,WTC,3.255,3.378,3.574,2.972
2026-03-27,AUK,3.315,3.455,3.621,3.231
2026-03-27,BOP,3.355,3.516,3.672,3.274
2026-03-27,CAN,3.319,3.48,3.667,3.252
2026-03-27,GIS,3.444,3.617,3.766,3.379
2026-03-27,HKB,3.397,3.531,3.699,3.314
2026-03-27,MBH,3.408,3.569,3.745,3.334
2026-03-27,MWT,3.35,3.489,3.678,3.265
2026-03-27,NSN,3.391,3.536,3.711,3.312
2026-03-27,NTL,3.412,3.539,3.705,3.356
2026-03-27,OTA,3.376,3.505,3.681,3.261
2026-03-27,STL,3.399,3.516,3.71,3.321
2026-03-27,TAS,3.402,3.556,3.724,3.315
2026-03-27,TKI,3.368,3.536,3.695,3.293
2026-03-27,WGN,3.32,3.485,3.648,3.257
2026-03-27,WKO,3.326,3.513,3.638,3.253
2026-03-27,WTC,3.479,3.636,3.774,3.411
2026-04-03,AUK,3.346,3.475,3.671,3.477
2026-04-03,BOP,3.393,3.554,3.719,3.515
2026-04-03,CAN,3.38,3.554,3.707,3.53
2026-04-03,GIS,3.499,3.669,3.827,3.652
2026-04-03,HKB,3.448,3.578,3.751,3.584
2026-04-03,MBH,3.474,3.616,3.783,3.587
2026-04-03,MWT,3.404,3.547,3.715,3.526
2026-04-03,NSN,3.443,3.607,3.768,3.564
2026-04-03,NTL,3.457,3.612,3.777,3.589
2026-04-03,OTA,3.403,3.554,3.733,3.547
2026-04-03,STL,3.431,3.613,3.749,3.568
2026-04-03,TAS,3.465,3.613,3.764,3.57
2026-04-03,TKI,3.423,3.572,3.758,3.568
2026-04-03,WGN,3.38,3.542,3.696,3.505
2026-04-03,WKO,3.392,3.542,3.713,3.492
2026-04-03,WTC,3.524,3.669,3.84,3.643
2026-04-10,AUK,3.405,3.555,3.727,3.733
2026-04-10,BOP,3.496,3.626,3.763,3.808
2026-04-10,CAN,3.462,3.618,3.779,3.818
2026-04-10,GIS,3.577,3.733,3.891,3.916
2026-04-10,HKB,3.494,3.67,3.802,3.847
2026-04-10,MBH,3.534,3.676,3.848,3.872
2026-04-10,MWT,3.493,3.637,3.791,3.813
2026-04-10,NSN,3.537,3.671,3.821,3.853
2026-04-10,NTL,3.536,3.69,3.847,3.854
2026-04-10,OTA,3.478,3.627,3.778,3.806
2026-04-10,STL,3.493,3.662,3.836,3.87
2026-04-10,TAS,3.519,3.679,3.854,3.859
2026-04-10,TKI,3.491,3.633,3.796,3.826
2026-04-10,WGN,3.463,3.605,3.768,3.775
2026-04-10,WKO,3.468,3.59,3.777,3.795
2026-04-10,WTC,3.597,3.744,3.924,3.931
2026-04-17,AUK,3.354,3.51,3.687,3.758
2026-04-17,BOP,3.453,3.603,3.763,3.818
2026-04-17,CAN,3.416,3.55,3.728,3.77
2026-04-17,GIS,3.552,3.679,3.845,3.919
2026-04-17,HKB,3.461,3.626,3.779,3.879
2026-04-17,MBH,3.501,3.63,3.813,3.873
2026-04-17,MWT,3.41,3.587,3.74,3.805
2026-04-17,NSN,3.487,3.621,3.809,3.873
2026-04-17,NTL,3.481,3.63,3.803,3.885
2026-04-17,OTA,3.421,3.594,3.768,3.817
2026-04-17,STL,3.472,3.6,3.784,3.853
2026-04-17,TAS,3.475,3.644,3.784,3.85
2026-04-17,TKI,3.459,3.602,3.775,3.84
2026-04-17,WGN,3.414,3.574,3.739,3.777
2026-04-17,WKO,3.409,3.581,3.739,3.802
2026-04-17,WTC,3.564,3.709,3.891,3.938
2026-04-24,AUK,3.257,3.395,3.588,3.457
2026-04-24,BOP,3.327,3.473,3.649,3.502
2026-04-24,CAN,3.29,3.434,3.609,3.501
2026-04-24,GIS,3.414,3.58,3.72,3.611
2026-04-24,HKB,3.331,3.509,3.666,3.556
2026-04-24,MBH,3.369,3.528,3.688,3.548
2026-04-24,MWT,3.3,3.451,3.625,3.487
2026-04-24,NSN,3.355,3.5,3.676,3.528
2026-04-24,NTL,3.36,3.525,3.67,3.565
2026-04-24,OTA,3.304,3.465,3.629,3.51
2026-04-24,STL,3.354,3.477,3.656,3.542
2026-04-24,TAS,3.344,3.52,3.667,3.558
2026-04-24,TKI,3.33,3.476,3.639,3.525
2026-04-24,WGN,3.293,3.424,3.619,3.476
2026-04-24,WKO,3.318,3.451,3.611,3.467
2026-04-24,WTC,3.423,3.602,3.766,3.631
2026-05-01,AUK,3.161,3.344,3.491,3.237
2026-05-01,BOP,3.219,3.387,3.552,3.317
2026-05-01,CAN,3.215,3.387,3.533,3.275
2026-05-01,GIS,3.338,3.492,3.672,3.396
2026-05-01,HKB,3.273,3.421,3.584,3.338
2026-05-01,MBH,3.287,3.438,3.617,3.389
2026-05-01,MWT,3.225,3.386,3.552,3.314
2026-05-01,NSN,3.28,3.415,3.583,3.348
2026-05-01,NTL,3.283,3.436,3.607,3.352
2026-05-01,OTA,3.244,3.389,3.556,3.302
2026-05-01,STL,3.267,3.419,3.595,3.346
2026-05-01,TAS,3.292,3.44,3.593,3.356
2026-05-01,TKI,3.259,3.397,3.584,3.347
2026-05-01,WGN,3.22,3.355,3.558,3.293
2026-05-01,WKO,3.191,3.35,3.556,3.312
2026-05-01,WTC,3.374,3.511,3.682,3.425
